Number of Peers;P2P Algorithm;Total Duration [s];Total Received Bytes;Minimum Transfer Time Error Rate [%];Average Transfer Time Error Rate [%];Maximum Transfer Time Error Rate [%];Same PDF File;Maximum Connection Time [s];Minimum Connection Time [s];Average Connection Time [s];Maximum Transfer Time [s];Minimum Transfer Time [s];Average Transfer Time [s];Maximum Total Time [s];Minimum Total Time [s];Average Total Time [s];Maximum Latency Error Rate [%];Minimum Latency Error Rate [%];Average Latency Error Rate [%];Maximum Bandwidth Error Rate [%];Minimum Bandwidth Error Rate [%];Average Bandwidth Error Rate [%];Smallest Bandwidth [Kbps]
5;NOT USED;8.39;2239815;0.70;1.75;7.22;TRUE;0.14;0.13;0.13;5.56;3.14;3.64;5.71;3.28;3.78;0.54;0.34;0.39;1.88;1.57;1.75;3302
5;NOT USED;8.30;2239815;2.15;4.48;5.69;TRUE;0.12;0.11;0.11;5.54;3.14;3.63;5.66;3.26;3.75;4.63;1.38;2.66;2.21;1.57;1.95;3302
5;NOT USED;8.60;2239815;5.29;12.91;19.06;TRUE;0.12;0.10;0.11;5.82;3.16;3.91;5.95;3.27;4.03;6.15;3.24;4.22;2.05;1.57;1.92;3302
5;USED;10.06;2239815;2.61;9.27;20.81;TRUE;6.18;0.13;1.34;5.56;0.83;2.73;7.01;2.53;4.08;0.54;0.29;0.35;2.39;1.57;2.03;3302
5;USED;9.70;2239815;2.15;9.12;22.70;TRUE;6.16;0.10;1.31;5.54;0.84;2.72;7.00;2.50;4.04;5.05;2.46;3.57;2.52;1.57;2.08;3302
5;NOT USED;13.96;4293938;0.70;1.22;3.05;TRUE;0.14;0.13;0.14;10.58;5.92;6.86;10.71;6.06;7.00;0.54;0.34;0.39;2.05;1.57;1.82;3302
5;NOT USED;13.41;4293938;1.51;2.76;3.31;TRUE;0.12;0.12;0.12;10.56;5.93;6.86;10.68;6.05;6.98;6.14;0.95;2.80;2.38;1.57;2.05;3302
5;NOT USED;12.96;4293938;1.76;3.02;4.56;TRUE;0.13;0.11;0.12;10.58;5.92;6.88;10.72;6.04;7.00;4.51;2.95;3.66;2.38;1.57;1.99;3302
5;NOT USED;13.31;4293938;1.84;3.14;4.23;TRUE;0.12;0.11;0.12;10.59;5.93;6.88;10.71;6.05;7.00;6.25;2.65;4.47;2.38;1.88;2.01;3302
5;NOT USED;13.96;4293938;0.70;1.22;3.05;TRUE;0.14;0.13;0.14;10.58;5.92;6.86;10.71;6.06;7.00;0.54;0.34;0.39;2.05;1.57;1.82;3302
5;USED;13.89;4293938;1.67;5.12;10.92;TRUE;6.19;0.13;1.34;10.57;1.46;5.11;10.71;4.61;6.46;0.54;0.30;0.36;2.52;1.57;2.03;3302
5;USED;13.06;4293938;1.43;5.98;16.61;TRUE;9.24;0.11;1.93;10.55;1.53;5.11;10.77;4.59;7.05;7.20;2.71;4.94;2.52;1.57;2.13;3302
5;USED;13.50;4293938;1.76;6.49;15.70;TRUE;9.30;0.12;1.97;10.58;1.52;5.14;10.83;4.65;7.11;7.64;1.95;3.77;2.64;1.77;2.19;3302
5;NOT USED;25.02;8869498;0.70;0.97;2.17;TRUE;0.14;0.13;0.13;21.73;12.10;14.04;21.87;12.24;14.18;0.52;0.33;0.40;2.05;1.57;1.78;3302
5;USED;24.67;8869498;1.23;3.25;6.68;TRUE;12.31;0.12;2.57;21.75;2.90;10.43;21.87;9.30;13.01;3.82;1.43;2.62;2.52;1.77;2.19;3302
5;USED;24.80;8869498;1.07;2.84;6.35;TRUE;12.25;0.12;2.55;21.72;2.89;10.40;21.85;9.24;12.95;5.78;1.63;4.31;2.52;1.57;2.13;3302
5;NOT USED;24.62;8869498;1.07;1.75;2.19;TRUE;0.13;0.11;0.12;21.72;12.10;14.04;21.84;12.21;14.17;4.90;2.84;4.02;2.38;1.57;2.02;3302
5;USED;24.76;8869498;1.16;2.84;5.73;TRUE;12.26;0.13;2.56;21.73;2.87;10.40;21.88;9.24;12.97;0.53;0.27;0.34;2.39;1.57;2.00;3302
5;NOT USED;24.75;8869498;1.20;1.83;2.59;TRUE;0.12;0.10;0.11;21.74;12.11;14.06;21.87;12.22;14.17;3.86;1.95;3.19;2.21;1.57;2.02;3302
5;NOT USED;24.48;8869498;1.44;1.94;2.13;TRUE;0.15;0.12;0.14;21.79;12.13;14.07;21.92;12.28;14.22;4.88;1.18;2.79;2.21;1.88;2.11;3302
5;NOT USED;25.02;8869498;0.70;0.97;2.17;TRUE;0.14;0.13;0.13;21.73;12.10;14.04;21.87;12.24;14.18;0.52;0.33;0.40;2.05;1.57;1.78;3302
5;USED;41.84;15890720;0.91;2.00;4.20;TRUE;21.43;0.11;4.38;38.85;5.08;18.53;38.97;16.37;22.92;4.90;3.27;4.01;2.52;1.57;2.13;3302
5;NOT USED;42.25;15890720;0.70;0.88;1.66;TRUE;0.14;0.13;0.13;38.86;21.59;25.07;39.00;21.72;25.21;0.53;0.33;0.39;2.05;1.57;1.78;3302
5;NOT USED;41.65;15890720;1.10;1.25;1.32;TRUE;0.14;0.11;0.12;38.92;21.59;25.06;39.04;21.71;25.19;4.91;1.96;3.56;2.21;1.57;2.05;3302
5;NOT USED;41.48;15890720;0.97;1.31;1.69;TRUE;0.12;0.10;0.11;38.87;21.59;25.07;38.98;21.70;25.18;5.10;3.29;3.92;2.05;1.57;1.95;3302
5;USED;41.56;15890720;1.02;2.14;4.77;TRUE;21.46;0.12;4.40;38.89;5.11;18.55;39.04;16.36;22.95;7.57;1.16;4.02;2.64;1.57;2.13;3302
5;USED;42.68;15890720;0.96;1.86;3.52;TRUE;18.33;0.13;3.77;38.87;5.05;18.53;39.00;16.36;22.31;0.52;0.29;0.35;2.39;1.57;2.03;3302
5;NOT USED;42.25;15890720;0.70;0.88;1.66;TRUE;0.14;0.13;0.13;38.86;21.59;25.07;39.00;21.72;25.21;0.53;0.33;0.39;2.05;1.57;1.78;3302
5;USED;80.80;32095088;0.81;1.34;2.54;TRUE;36.64;0.11;7.42;78.39;10.10;37.29;78.51;32.77;44.72;6.09;1.83;3.94;2.52;1.77;2.19;3302
5;NOT USED;81.89;32095088;0.70;0.79;1.16;TRUE;0.14;0.13;0.13;78.39;43.48;50.48;78.53;43.62;50.62;0.53;0.34;0.39;2.05;1.57;1.82;3302
5;NOT USED;81.17;32095088;0.82;0.96;1.05;TRUE;0.13;0.11;0.12;78.39;43.48;50.47;78.52;43.60;50.59;4.22;1.82;3.16;2.21;1.57;1.99;3302
5;NOT USED;81.28;32095088;0.85;1.03;1.18;TRUE;0.17;0.12;0.15;78.42;43.49;50.51;78.60;43.63;50.67;7.79;1.55;4.13;2.38;1.88;2.11;3302
5;USED;80.93;32095088;0.93;1.44;2.63;TRUE;36.66;0.12;7.44;78.48;10.11;37.33;78.64;32.78;44.77;8.80;2.34;4.47;2.77;1.77;2.21;3302
5;USED;82.03;32095088;0.83;1.29;2.08;TRUE;36.56;0.13;7.42;78.40;10.05;37.30;78.54;32.78;44.72;0.53;0.29;0.35;2.39;1.57;2.00;3302
5;NOT USED;81.89;32095088;0.70;0.79;1.16;TRUE;0.14;0.13;0.13;78.39;43.48;50.48;78.53;43.62;50.62;0.53;0.34;0.39;2.05;1.57;1.82;3302
5;USED;166.31;67108864;0.79;1.05;1.70;TRUE;73.21;0.11;14.73;163.88;20.95;77.86;164.01;68.27;92.60;5.19;0.93;3.35;2.64;1.77;2.19;3302
5;NOT USED;166.38;67108864;0.76;0.90;1.04;TRUE;0.13;0.11;0.12;163.83;90.80;105.48;163.96;90.92;105.60;5.84;1.70;3.58;2.21;1.88;2.11;3302
5;NOT USED;166.09;67108864;0.75;0.82;0.85;TRUE;0.12;0.10;0.11;163.81;90.79;105.40;163.94;90.90;105.52;7.84;5.08;5.84;2.21;1.88;2.05;3302
5;USED;166.31;67108864;0.77;1.05;1.55;TRUE;73.25;0.11;14.75;163.85;20.92;77.87;163.97;68.29;92.62;8.39;3.06;5.00;2.52;1.57;2.08;3302
5;USED;166.68;67108864;0.76;1.03;1.35;TRUE;73.02;0.13;14.71;163.82;20.87;77.87;163.96;68.26;92.58;0.53;0.28;0.35;2.39;1.57;2.00;3302
5;NOT USED;166.54;67108864;0.70;0.75;0.89;TRUE;0.14;0.13;0.13;163.86;90.81;105.43;163.99;90.95;105.57;0.53;0.34;0.40;2.05;1.57;1.78;3302
5;NOT USED;166.54;67108864;0.70;0.75;0.89;TRUE;0.14;0.13;0.13;163.86;90.81;105.43;163.99;90.95;105.57;0.53;0.34;0.40;2.05;1.57;1.78;3302
5;NOT USED;331.60;134217728;0.70;0.73;0.78;TRUE;0.15;0.13;0.14;327.55;181.48;210.70;327.70;181.62;210.84;0.54;0.33;0.40;2.21;1.57;1.82;3302
5;USED;329.99;134217728;0.77;0.86;1.15;TRUE;138.25;0.10;27.74;327.69;41.67;155.56;327.82;136.25;183.30;5.59;3.00;3.88;2.64;1.77;2.19;3302
5;NOT USED;330.08;134217728;0.72;0.77;0.82;TRUE;0.12;0.11;0.12;327.54;181.47;210.72;327.66;181.58;210.84;5.33;3.05;3.96;2.38;1.88;2.05;3302
5;NOT USED;330.43;134217728;0.74;0.78;0.82;TRUE;0.15;0.12;0.13;327.59;181.50;210.74;327.73;181.64;210.88;4.87;1.82;3.13;2.21;1.88;2.08;3302
5;NOT USED;330.40;134217728;0.76;0.78;0.82;TRUE;0.11;0.11;0.11;327.66;181.48;210.75;327.77;181.59;210.87;6.04;2.10;3.60;2.21;1.57;1.95;3302
5;NOT USED;330.37;134217728;0.74;0.78;0.81;TRUE;0.13;0.11;0.12;327.59;181.50;210.74;327.71;181.63;210.86;3.64;2.51;3.11;2.38;1.57;2.02;3302
5;USED;329.90;134217728;0.74;0.88;1.25;TRUE;140.14;0.11;28.12;327.60;41.71;155.56;327.74;136.26;183.69;5.65;1.35;3.95;2.64;1.77;2.16;3302
5;USED;330.18;134217728;0.77;0.88;1.19;TRUE;140.29;0.11;28.15;327.68;41.69;155.58;327.81;136.26;183.74;9.01;2.51;5.78;2.52;1.57;2.13;3302
5;USED;330.38;134217728;0.72;0.83;1.00;TRUE;139.89;0.13;28.09;327.55;41.61;155.53;327.69;136.27;183.62;0.54;0.28;0.35;2.39;1.57;2.03;3302
5;NOT USED;331.60;134217728;0.70;0.73;0.78;TRUE;0.15;0.13;0.14;327.55;181.48;210.70;327.70;181.62;210.84;0.54;0.33;0.40;2.21;1.57;1.82;3302
10;USED;16.75;2239815;1.36;5.55;12.26;TRUE;6.26;0.11;3.16;6.96;1.47;3.24;13.17;3.37;6.41;5.84;1.51;2.84;2.65;0.94;1.89;2606
10;NOT USED;11.56;2239815;0.70;1.53;3.05;TRUE;0.16;0.12;0.14;7.01;6.31;6.40;7.15;6.44;6.54;0.64;0.41;0.56;1.90;1.55;1.68;2606
10;USED;17.28;2239815;1.39;5.37;10.35;TRUE;9.22;0.12;3.48;6.97;1.46;3.24;13.17;3.39;6.72;0.97;0.28;0.43;2.65;0.94;1.83;2606
10;NOT USED;11.56;2239815;0.70;1.53;3.05;TRUE;0.16;0.12;0.14;7.01;6.31;6.40;7.15;6.44;6.54;0.64;0.41;0.56;1.90;1.55;1.68;2606
10;NOT USED;11.59;2239815;1.69;2.05;2.84;TRUE;3.23;0.11;0.43;7.01;6.29;6.38;9.60;6.40;6.81;4.83;1.78;3.54;2.25;1.55;1.89;2606
10;USED;28.15;4293938;1.12;2.96;5.35;TRUE;12.27;0.11;4.99;13.32;2.70;6.10;25.60;6.26;11.09;6.60;1.11;3.75;2.65;1.10;1.86;2606
10;NOT USED;17.65;4293938;0.70;1.14;1.89;TRUE;0.16;0.13;0.14;13.36;12.03;12.18;13.50;12.16;12.32;0.64;0.49;0.57;1.90;1.55;1.68;2606
10;USED;27.40;4293938;1.01;3.17;5.85;TRUE;12.32;0.13;5.00;13.31;2.74;6.10;22.56;6.28;11.11;0.94;0.30;0.43;2.65;0.94;1.79;2606
10;NOT USED;17.65;4293938;0.70;1.14;1.89;TRUE;0.16;0.13;0.14;13.36;12.03;12.18;13.50;12.16;12.32;0.64;0.49;0.57;1.90;1.55;1.68;2606
10;NOT USED;16.72;4293938;1.22;1.41;1.76;TRUE;0.14;0.11;0.12;13.34;12.01;12.16;13.47;12.12;12.29;4.78;0.90;3.18;2.25;1.90;1.96;2606
10;USED;46.67;8869498;0.85;1.80;2.96;TRUE;18.37;0.11;8.05;27.46;5.51;12.48;42.80;12.69;20.54;8.84;1.37;4.21;2.65;1.00;1.93;2606
10;USED;50.01;8869498;0.85;1.89;3.76;TRUE;18.36;0.12;8.35;27.45;5.51;12.49;45.82;12.71;20.84;0.98;0.29;0.44;2.65;0.94;1.81;2606
10;NOT USED;31.29;8869498;0.70;0.92;1.30;TRUE;0.17;0.13;0.14;27.50;24.76;25.05;27.64;24.90;25.20;0.64;0.42;0.57;1.90;1.55;1.68;2606
10;NOT USED;31.29;8869498;0.70;0.92;1.30;TRUE;0.17;0.13;0.14;27.50;24.76;25.05;27.64;24.90;25.20;0.64;0.42;0.57;1.90;1.55;1.68;2606
10;NOT USED;31.10;8869498;0.95;1.04;1.21;TRUE;0.15;0.12;0.13;27.48;24.75;25.04;27.61;24.87;25.17;5.67;1.25;3.44;2.59;1.55;1.92;2606
10;USED;79.39;15890720;0.78;1.38;2.33;TRUE;27.53;0.11;12.63;49.16;9.85;22.29;76.69;22.55;34.92;4.72;0.97;2.52;2.65;0.94;1.91;2606
10;USED;79.70;15890720;0.78;1.36;2.06;TRUE;27.72;0.13;12.92;49.16;9.85;22.29;76.65;22.58;35.21;0.95;0.29;0.43;2.65;0.94;1.79;2606
10;NOT USED;52.47;15890720;0.84;0.90;0.99;TRUE;0.15;0.11;0.13;49.19;44.28;44.79;49.32;44.40;44.93;6.08;1.75;3.43;2.25;1.55;1.85;2606
10;NOT USED;53.77;15890720;0.70;0.83;1.03;TRUE;0.16;0.13;0.14;49.21;44.30;44.81;49.36;44.44;44.95;0.64;0.42;0.56;1.90;1.55;1.68;2606
10;NOT USED;53.77;15890720;0.70;0.83;1.03;TRUE;0.16;0.13;0.14;49.21;44.30;44.81;49.36;44.44;44.95;0.64;0.42;0.56;1.90;1.55;1.68;2606
10;USED;151.76;32095088;0.77;1.24;3.29;TRUE;49.32;0.11;24.56;99.29;19.82;44.95;148.21;45.35;69.52;4.92;1.60;2.99;2.65;1.13;2.00;2606
10;NOT USED;104.13;32095088;0.70;0.77;0.88;TRUE;0.16;0.13;0.14;99.33;89.39;90.41;99.47;89.52;90.55;0.64;0.42;0.57;1.90;1.55;1.68;2606
10;NOT USED;103.26;32095088;0.76;0.79;0.84;TRUE;0.17;0.11;0.13;99.28;89.38;90.38;99.40;89.49;90.52;5.76;1.47;2.91;2.25;1.55;1.82;2606
10;USED;151.20;32095088;0.74;1.02;1.30;TRUE;49.18;0.12;24.49;99.26;19.76;44.91;148.04;45.35;69.41;0.96;0.30;0.43;2.65;0.94;1.79;2606
10;NOT USED;104.13;32095088;0.70;0.77;0.88;TRUE;0.16;0.13;0.14;99.33;89.39;90.41;99.47;89.52;90.55;0.64;0.42;0.57;1.90;1.55;1.68;2606
10;USED;307.49;67108864;0.75;0.87;1.09;TRUE;98.43;0.12;48.97;207.56;41.25;93.79;305.25;94.55;142.76;5.52;1.54;3.20;2.65;1.13;1.98;2606
10;USED;308.15;67108864;0.72;0.86;1.10;TRUE;98.22;0.13;48.86;207.51;41.19;93.77;304.96;94.56;142.64;0.94;0.31;0.44;2.48;0.94;1.71;2606
10;NOT USED;211.33;67108864;0.70;0.74;0.79;TRUE;0.16;0.13;0.14;207.57;186.82;188.93;207.71;186.96;189.07;0.64;0.41;0.56;1.90;1.55;1.68;2606
10;NOT USED;211.31;67108864;0.73;0.74;0.76;TRUE;0.14;0.11;0.12;207.52;186.80;188.90;207.65;186.92;189.03;5.31;1.45;3.06;2.25;1.55;1.92;2606
10;NOT USED;211.33;67108864;0.70;0.74;0.79;TRUE;0.16;0.13;0.14;207.57;186.82;188.93;207.71;186.96;189.07;0.64;0.41;0.56;1.90;1.55;1.68;2606
10;NOT USED;418.96;134217728;0.70;0.72;0.78;TRUE;0.16;0.13;0.14;415.00;373.57;377.73;415.14;373.70;377.87;0.64;0.42;0.56;1.90;1.55;1.68;2606
10;NOT USED;418.06;134217728;0.72;0.72;0.76;TRUE;0.15;0.11;0.13;415.04;373.58;377.75;415.19;373.70;377.89;5.23;2.68;4.14;2.25;1.55;1.82;2606
10;USED;610.35;134217728;0.72;0.78;0.91;TRUE;194.90;0.11;96.61;414.99;82.33;187.44;607.16;188.86;284.06;8.90;1.39;4.33;2.65;1.10;2.02;2606
10;USED;610.88;134217728;0.74;0.78;0.84;TRUE;194.52;0.13;96.38;415.07;82.34;187.45;606.83;188.88;283.84;0.99;0.30;0.44;2.48;0.94;1.71;2606
10;NOT USED;418.96;134217728;0.70;0.72;0.78;TRUE;0.16;0.13;0.14;415.00;373.57;377.73;415.14;373.70;377.87;0.64;0.42;0.56;1.90;1.55;1.68;2606
20;NOT USED;21.39;2239815;1.05;1.26;2.71;TRUE;0.16;0.11;0.13;13.19;12.98;13.00;13.35;13.09;13.14;1.51;0.80;1.09;1.79;1.08;1.76;1395
20;NOT USED;20.25;2239815;1.06;1.26;2.76;TRUE;0.16;0.12;0.14;13.19;12.98;13.00;13.35;13.10;13.14;1.52;0.79;1.09;1.79;1.08;1.76;1395
20;USED;21.13;2239815;1.10;2.72;8.16;TRUE;12.23;0.09;4.81;9.24;1.77;5.35;18.46;4.67;10.17;9.54;1.00;3.87;2.16;0.99;1.58;1964
20;USED;22.08;2239815;1.08;2.90;7.06;TRUE;12.28;0.11;5.14;9.24;1.75;5.36;18.44;4.72;10.51;1.44;0.32;0.71;1.87;0.99;1.36;1964
20;NOT USED;20.25;2239815;1.06;1.26;2.76;TRUE;0.16;0.12;0.14;13.19;12.98;13.00;13.35;13.10;13.14;1.52;0.79;1.09;1.79;1.08;1.76;1395
20;NOT USED;18.45;2239815;1.06;1.20;1.36;TRUE;0.14;0.10;0.12;13.01;12.98;12.99;13.16;13.08;13.12;6.31;1.55;3.74;2.51;1.08;2.08;1395
20;USED;22.65;2239815;0.70;1.29;7.12;TRUE;12.24;0.11;4.99;9.24;1.75;5.36;17.25;4.71;10.36;1.42;0.35;0.71;1.87;0.99;1.36;1964
20;NOT USED;30.45;4293938;0.92;0.96;1.05;TRUE;0.15;0.10;0.12;24.88;24.85;24.86;25.04;24.95;24.99;7.13;1.90;4.24;3.23;1.79;2.26;1395
20;NOT USED;32.03;4293938;0.88;1.02;2.43;TRUE;0.16;0.12;0.14;25.22;24.84;24.87;25.38;24.96;25.02;1.54;0.80;1.10;1.79;1.08;1.76;1395
20;NOT USED;32.57;4293938;0.88;1.07;3.30;TRUE;0.16;0.12;0.13;25.43;24.84;24.88;25.59;24.96;25.02;1.53;0.76;1.08;1.79;1.08;1.76;1395
20;USED;36.38;4293938;0.70;1.01;3.46;TRUE;15.42;0.12;8.04;17.67;3.25;10.21;33.06;8.89;18.25;1.44;0.35;0.71;1.87;0.99;1.36;1964
20;USED;35.95;4293938;0.93;1.79;4.15;TRUE;15.39;0.09;8.02;17.67;3.27;10.21;33.06;8.82;18.23;9.15;1.28;3.78;2.24;0.99;1.60;1964
20;USED;36.62;4293938;0.90;1.90;3.97;TRUE;15.40;0.12;8.49;17.66;3.27;10.22;33.07;8.87;18.71;1.47;0.35;0.71;1.87;0.99;1.36;1964
20;NOT USED;32.03;4293938;0.88;1.02;2.43;TRUE;0.16;0.12;0.14;25.22;24.84;24.87;25.38;24.96;25.02;1.54;0.80;1.10;1.79;1.08;1.76;1395
20;USED;63.63;8869498;0.80;1.21;2.56;TRUE;24.55;0.10;13.82;36.43;6.66;21.01;60.98;18.09;34.83;9.51;1.59;3.72;2.24;0.99;1.60;1964
20;NOT USED;59.08;8869498;0.78;0.89;2.44;TRUE;0.16;0.12;0.13;52.10;51.26;51.32;52.26;51.40;51.46;1.52;0.80;1.09;1.79;1.08;1.76;1395
20;USED;64.25;8869498;0.80;1.27;2.18;TRUE;24.56;0.12;14.12;36.43;6.64;21.02;60.99;18.11;35.15;1.43;0.36;0.71;2.02;0.99;1.37;1964
20;NOT USED;59.08;8869498;0.78;0.89;2.44;TRUE;0.16;0.12;0.13;52.10;51.26;51.32;52.26;51.40;51.46;1.52;0.80;1.09;1.79;1.08;1.76;1395
20;NOT USED;56.67;8869498;0.79;0.82;0.87;TRUE;0.16;0.11;0.13;51.30;51.26;51.28;51.47;51.38;51.41;7.44;2.46;4.43;2.51;1.08;2.22;1395
20;NOT USED;98.84;15890720;0.75;0.86;2.83;TRUE;0.15;0.12;0.14;93.70;91.81;91.92;93.86;91.95;92.06;1.52;0.80;1.09;1.79;1.08;1.76;1395
20;NOT USED;98.84;15890720;0.75;0.86;2.83;TRUE;0.15;0.12;0.14;93.70;91.81;91.92;93.86;91.95;92.06;1.52;0.80;1.09;1.79;1.08;1.76;1395
20;USED;108.33;15890720;0.75;1.01;1.62;TRUE;39.82;0.12;22.80;65.23;11.81;37.60;105.06;32.30;60.40;1.43;0.35;0.71;2.02;0.99;1.37;1964
20;NOT USED;97.35;15890720;0.75;0.76;0.79;TRUE;0.16;0.10;0.13;91.85;91.81;91.83;92.01;91.91;91.96;6.68;2.01;4.18;2.51;1.79;2.19;1395
20;USED;107.34;15890720;0.75;0.97;1.48;TRUE;39.63;0.10;23.74;65.24;11.82;37.59;104.85;32.27;61.33;6.52;1.48;3.19;2.16;1.02;1.50;1964
20;NOT USED;193.61;32095088;0.72;0.80;2.23;TRUE;0.16;0.12;0.13;188.16;185.38;185.55;188.32;185.51;185.69;1.51;0.80;1.09;1.79;1.08;1.76;1395
20;NOT USED;193.61;32095088;0.72;0.80;2.23;TRUE;0.16;0.12;0.13;188.16;185.38;185.55;188.32;185.51;185.69;1.51;0.80;1.09;1.79;1.08;1.76;1395
20;USED;204.86;32095088;0.72;0.85;1.06;TRUE;70.41;0.12;44.56;131.76;23.77;75.87;202.07;65.06;120.44;1.43;0.35;0.72;1.87;0.99;1.36;1964
20;NOT USED;191.17;32095088;0.72;0.73;0.77;TRUE;0.16;0.11;0.13;185.48;185.39;185.41;185.61;185.51;185.54;6.79;1.35;3.83;2.51;1.08;2.08;1395
20;USED;204.61;32095088;0.73;0.83;1.08;TRUE;70.56;0.11;44.77;131.71;23.78;75.86;201.81;65.03;120.64;10.26;0.84;3.85;2.16;0.99;1.49;1964
20;NOT USED;393.23;67108864;0.71;0.71;0.75;TRUE;0.15;0.11;0.12;387.74;387.59;387.61;387.89;387.70;387.74;6.22;1.95;3.92;2.51;1.79;2.15;1395
20;NOT USED;397.11;67108864;0.71;0.78;2.14;TRUE;0.15;0.12;0.13;393.11;387.58;387.88;393.27;387.72;388.02;1.54;0.80;1.10;1.79;1.08;1.76;1395
20;USED;418.62;67108864;0.71;0.77;0.89;TRUE;140.73;0.11;89.77;275.32;49.63;158.56;415.22;135.82;248.33;1.42;0.35;0.72;1.87;0.99;1.36;1964
20;USED;418.43;67108864;0.71;0.77;0.96;TRUE;141.00;0.11;90.22;275.33;49.66;158.56;416.09;135.80;248.78;7.79;1.24;4.02;2.31;0.99;1.62;1964
20;NOT USED;397.11;67108864;0.71;0.78;2.14;TRUE;0.15;0.12;0.13;393.11;387.58;387.88;393.27;387.72;388.02;1.54;0.80;1.10;1.79;1.08;1.76;1395
20;NOT USED;790.46;134217728;0.70;0.78;2.29;TRUE;0.15;0.12;0.13;787.39;775.13;775.77;787.54;775.25;775.91;1.54;0.80;1.09;1.79;1.08;1.76;1395
20;USED;831.35;134217728;0.70;0.77;1.18;TRUE;277.29;0.10;178.93;550.74;99.54;317.10;827.89;271.43;496.03;8.38;1.15;4.08;2.24;1.02;1.67;1964
20;NOT USED;780.52;134217728;0.70;0.70;0.72;TRUE;3.20;0.09;0.27;775.27;775.14;775.18;778.35;775.24;775.45;7.56;1.33;3.78;2.51;1.08;2.19;1395
20;USED;830.43;134217728;0.70;0.73;0.78;TRUE;279.22;0.12;178.17;550.58;99.15;317.04;827.40;271.46;495.21;1.41;0.35;0.71;1.87;0.99;1.36;1964
20;NOT USED;790.46;134217728;0.70;0.78;2.29;TRUE;0.15;0.12;0.13;787.39;775.13;775.77;787.54;775.25;775.91;1.54;0.80;1.09;1.79;1.08;1.76;1964
20;NOT USED;58.69;8869498;0.80;0.92;3.01;TRUE;0.16;0.12;0.13;52.40;51.27;51.33;52.56;51.39;51.47;1.51;0.79;1.08;1.79;1.08;1.76;1395
20;USED;65.46;8869498;0.70;0.86;2.04;TRUE;24.57;0.12;13.82;36.59;6.63;21.03;61.16;18.12;34.86;1.43;0.35;0.74;1.87;0.99;1.36;1964
20;NOT USED;99.41;15890720;0.74;0.83;2.20;TRUE;0.15;0.11;0.13;93.14;91.81;91.89;93.29;91.92;92.03;1.52;0.79;1.09;1.79;1.08;1.76;1395
20;USED;106.43;15890720;0.70;0.78;1.60;TRUE;36.83;0.11;22.49;65.23;11.83;37.60;102.01;32.30;60.10;1.42;0.34;0.71;2.02;0.99;1.37;1964
20;NOT USED;195.38;32095088;0.72;0.81;2.36;TRUE;0.15;0.11;0.13;188.41;185.38;185.56;188.57;185.50;185.70;1.52;0.79;1.09;1.79;1.08;1.76;1395
20;USED;205.29;32095088;0.70;0.74;1.06;TRUE;70.47;0.12;44.71;131.70;23.77;75.87;202.08;65.08;120.58;1.44;0.35;0.72;1.87;0.99;1.36;1964
20;NOT USED;401.62;67108864;0.70;0.72;2.15;TRUE;0.16;0.12;0.13;393.13;387.58;387.88;393.29;387.70;388.02;1.53;0.78;1.09;1.79;1.08;1.76;1395
20;USED;418.51;67108864;0.71;0.84;1.70;TRUE;140.96;0.11;90.21;275.38;50.02;158.60;415.50;135.80;248.82;7.86;2.11;4.19;2.24;1.04;1.62;1964
20;NOT USED;792.05;134217728;0.70;0.72;2.15;TRUE;0.16;0.11;0.13;786.29;775.13;775.73;786.45;775.24;775.87;1.54;0.79;1.09;1.79;1.08;1.72;1395
20;USED;831.48;134217728;0.70;0.73;0.80;TRUE;278.71;0.10;178.95;550.70;99.17;317.06;829.42;271.44;496.02;7.53;2.14;4.31;2.24;0.99;1.58;1964
20;USED;22.83;2239815;1.09;2.91;6.09;TRUE;9.24;0.11;4.38;9.24;1.74;5.36;18.44;4.71;9.75;1.57;0.34;0.72;2.02;0.99;1.37;1395
20;USED;35.86;4293938;0.92;1.83;3.43;TRUE;15.39;0.12;7.58;17.66;3.25;10.21;33.06;8.87;17.79;1.44;0.35;0.71;2.02;0.99;1.37;1964
35;USED;121.29;2239815;0.77;1.04;1.49;TRUE;18.46;0.12;6.71;115.74;12.07;28.55;115.90;12.20;35.26;6.82;0.82;2.66;2.07;0.93;1.41;156
35;NOT USED;118.20;2239815;0.78;0.97;1.08;TRUE;0.16;0.12;0.14;115.76;24.11;26.74;115.92;24.23;26.88;6.82;1.29;1.92;2.00;1.47;1.63;156
35;NOT USED;124.85;2239815;0.77;0.97;1.08;TRUE;0.16;0.12;0.14;115.74;24.11;26.74;115.90;24.24;26.88;6.81;1.30;1.91;2.00;1.47;1.63;156
35;USED;119.04;2239815;0.80;1.05;1.45;TRUE;18.55;0.11;7.63;115.78;12.07;28.55;115.98;12.19;36.19;6.80;0.80;2.65;2.07;0.93;1.41;156
35;NOT USED;118.20;2239815;0.78;0.97;1.08;TRUE;0.16;0.12;0.14;115.76;24.11;26.74;115.92;24.23;26.88;6.82;1.29;1.92;2.00;1.47;1.63;156
35;USED;123.92;2239815;0.78;1.04;1.45;TRUE;18.48;0.12;7.03;115.76;12.07;28.55;115.92;12.20;35.59;12.60;1.34;5.65;3.73;0.93;2.04;156
35;USED;121.29;2239815;0.77;1.04;1.49;TRUE;18.46;0.12;6.71;115.74;12.07;28.55;115.90;12.20;35.26;6.82;0.82;2.66;2.07;0.93;1.41;156
35;USED;123.08;2239815;0.78;1.98;33.74;TRUE;15.49;0.12;6.47;115.78;12.08;28.66;115.95;12.20;35.13;18.07;1.55;6.39;3.96;0.93;1.84;156
35;NOT USED;118.07;2239815;0.79;0.98;1.07;TRUE;3.23;0.11;0.22;115.77;24.11;26.74;115.94;24.23;26.97;12.76;2.25;6.40;3.33;1.47;2.28;156
35;NOT USED;228.27;4293938;0.74;0.84;0.90;TRUE;0.17;0.11;0.13;221.84;46.17;51.21;221.99;46.29;51.34;8.44;2.40;4.61;3.20;1.47;2.13;156
35;USED;232.72;4293938;0.73;0.89;1.70;TRUE;30.59;0.12;13.02;221.82;23.10;54.68;221.98;23.23;67.70;6.81;0.80;2.66;2.07;0.93;1.41;156
35;NOT USED;226.38;4293938;0.73;0.83;0.89;TRUE;0.16;0.13;0.14;221.82;46.17;51.20;221.98;46.30;51.35;6.81;1.29;1.92;2.00;1.47;1.63;156
35;USED;229.67;4293938;0.74;0.88;1.06;TRUE;30.67;0.11;12.25;221.83;23.10;54.68;221.98;23.21;66.94;17.74;1.92;6.46;3.96;0.93;2.17;156
35;NOT USED;226.38;4293938;0.73;0.83;0.89;TRUE;0.16;0.13;0.14;221.82;46.17;51.20;221.98;46.30;51.35;6.81;1.29;1.92;2.00;1.47;1.63;156
35;USED;225.48;4293938;0.74;0.87;1.03;TRUE;30.77;0.11;13.30;221.84;23.10;54.68;222.00;23.21;67.98;12.90;1.95;5.78;3.73;0.93;1.97;156
35;USED;232.72;4293938;0.73;0.89;1.70;TRUE;30.59;0.12;13.02;221.82;23.10;54.68;221.98;23.23;67.70;6.81;0.80;2.66;2.07;0.93;1.41;156
35;NOT USED;230.11;4293938;0.73;0.83;0.89;TRUE;0.16;0.12;0.14;221.82;46.17;51.20;221.97;46.30;51.35;6.82;1.28;1.91;2.00;1.47;1.63;156
35;USED;226.54;4293938;0.73;0.90;1.83;TRUE;30.68;0.12;13.23;221.82;23.10;54.68;221.98;23.22;67.92;6.81;0.82;2.65;2.07;0.93;1.41;156
35;NOT USED;468.47;8869498;0.71;0.76;0.79;TRUE;0.16;0.13;0.14;458.10;95.32;105.70;458.26;95.45;105.84;6.81;1.28;1.91;2.00;1.47;1.63;156
35;USED;461.94;8869498;0.71;0.81;1.48;TRUE;55.03;0.12;23.39;458.10;47.65;112.89;458.25;47.78;136.29;6.80;0.80;2.65;2.07;0.93;1.41;156
35;NOT USED;460.82;8869498;0.71;0.76;0.79;TRUE;0.16;0.13;0.14;458.11;95.32;105.70;458.27;95.45;105.84;6.81;1.29;1.92;2.00;1.47;1.63;156
35;USED;468.33;8869498;0.71;0.82;1.56;TRUE;52.23;0.12;24.27;458.10;47.66;112.90;458.26;47.78;137.17;6.82;0.81;2.66;2.56;0.93;1.44;156
35;USED;830.64;15890720;0.70;0.76;1.51;TRUE;94.40;0.12;43.54;820.68;85.33;202.21;820.83;85.46;245.75;6.82;0.81;2.66;2.07;0.93;1.41;156
35;USED;460.73;8869498;0.72;0.78;0.92;TRUE;55.43;0.11;25.84;458.15;47.65;112.88;458.35;47.77;138.73;9.80;1.15;4.45;3.96;0.93;1.83;156
35;USED;468.33;8869498;0.71;0.82;1.56;TRUE;52.23;0.12;24.27;458.10;47.66;112.90;458.26;47.78;137.17;6.82;0.81;2.66;2.56;0.93;1.44;156
35;USED;462.98;8869498;0.72;0.78;0.86;TRUE;52.15;0.11;24.04;458.12;47.65;112.88;458.28;47.77;136.93;11.23;1.89;5.36;3.96;0.93;2.06;156
35;NOT USED;460.82;8869498;0.71;0.76;0.79;TRUE;0.16;0.13;0.14;458.11;95.32;105.70;458.27;95.45;105.84;6.81;1.29;1.92;2.00;1.47;1.63;156
35;USED;830.64;15890720;0.70;0.76;1.51;TRUE;94.40;0.12;43.54;820.68;85.33;202.21;820.83;85.46;245.75;6.82;0.81;2.66;2.07;0.93;1.41;156
35;NOT USED;824.10;15890720;0.70;0.73;0.75;TRUE;0.17;0.12;0.14;820.68;170.74;189.32;820.84;170.87;189.46;6.81;1.30;1.92;2.00;1.47;1.63;156
35;NOT USED;824.10;15890720;0.70;0.73;0.75;TRUE;0.17;0.12;0.14;820.68;170.74;189.32;820.84;170.87;189.46;6.81;1.30;1.92;2.00;1.47;1.63;156
35;NOT USED;831.90;15890720;0.70;0.73;0.77;TRUE;0.16;0.12;0.14;820.68;170.73;189.32;820.83;170.86;189.47;6.81;1.28;1.91;2.00;1.47;1.64;156
35;USED;824.07;15890720;0.70;0.75;1.08;TRUE;95.14;0.13;43.62;820.68;85.34;202.20;820.83;85.47;245.82;6.80;0.82;2.65;2.07;0.93;1.41;156
35;USED;823.71;15890720;0.71;0.74;0.80;TRUE;88.75;0.11;41.52;820.70;85.34;202.20;820.85;85.46;243.72;12.19;1.72;5.96;3.96;0.93;1.90;156
35;USED;825.15;15890720;0.71;0.74;0.80;TRUE;92.10;0.11;44.05;820.72;85.34;202.19;820.91;85.46;246.25;8.68;1.20;4.47;3.73;0.93;1.69;156
35;NOT USED;1665.60;32095088;0.70;0.71;0.74;TRUE;0.16;0.13;0.14;1657.48;344.79;382.31;1657.64;344.92;382.46;6.81;1.28;1.90;2.00;1.47;1.63;156
35;NOT USED;1664.45;32095088;0.70;0.71;0.72;TRUE;0.17;0.12;0.14;1657.48;344.79;382.31;1657.64;344.92;382.45;6.82;1.29;1.92;2.00;1.47;1.63;156
35;USED;1667.65;32095088;0.70;0.74;1.31;TRUE;177.90;0.12;84.27;1657.48;172.31;408.36;1657.64;172.43;492.64;6.81;0.81;2.66;2.07;0.93;1.43;156
35;USED;1663.92;32095088;0.70;0.71;0.74;TRUE;180.35;0.12;85.87;1657.52;172.31;408.32;1657.70;172.44;494.19;11.89;1.67;5.08;3.96;0.93;1.92;156
35;USED;1664.30;32095088;0.70;0.72;0.74;TRUE;180.10;0.12;85.70;1657.51;172.31;408.32;1657.65;172.44;494.03;15.88;1.58;6.43;3.96;0.93;2.14;156
35;USED;1667.65;32095088;0.70;0.74;1.31;TRUE;177.90;0.12;84.27;1657.48;172.31;408.36;1657.64;172.43;492.64;6.81;0.81;2.66;2.07;0.93;1.43;156
35;NOT USED;1664.45;32095088;0.70;0.71;0.72;TRUE;0.17;0.12;0.14;1657.48;344.79;382.31;1657.64;344.92;382.45;6.82;1.29;1.92;2.00;1.47;1.63;156
35;NOT USED;3474.41;67108864;0.70;0.70;0.73;TRUE;0.17;0.12;0.14;3465.60;720.88;799.32;3465.75;721.01;799.47;6.81;1.29;1.92;2.00;1.47;1.63;156
35;NOT USED;3473.46;67108864;0.70;0.70;0.72;TRUE;0.16;0.12;0.14;3465.60;720.88;799.33;3465.75;721.01;799.47;6.80;1.28;1.92;2.00;1.47;1.63;156
35;USED;3469.61;67108864;0.70;0.72;1.04;TRUE;367.37;0.13;175.81;3465.60;360.22;853.77;3465.75;360.36;1029.58;6.81;0.81;2.66;2.07;0.93;1.41;156
35;NOT USED;3474.41;67108864;0.70;0.70;0.73;TRUE;0.17;0.12;0.14;3465.60;720.88;799.32;3465.75;721.01;799.47;6.81;1.29;1.92;2.00;1.47;1.63;156
35;USED;3469.61;67108864;0.70;0.72;1.04;TRUE;367.37;0.13;175.81;3465.60;360.22;853.77;3465.75;360.36;1029.58;6.81;0.81;2.66;2.07;0.93;1.41;156
35;USED;6942.83;134217728;0.69;0.71;1.01;TRUE;727.34;0.13;351.30;6931.14;720.40;1707.42;6931.30;720.53;2058.73;6.82;0.80;2.65;2.56;0.93;1.44;156
35;NOT USED;6937.62;134217728;0.69;0.70;0.71;TRUE;0.16;0.13;0.14;6931.12;1441.71;1598.58;6931.28;1441.84;1598.73;6.82;1.29;1.92;2.00;1.47;1.64;156
35;NOT USED;6937.62;134217728;0.69;0.70;0.71;TRUE;0.16;0.13;0.14;6931.12;1441.71;1598.58;6931.28;1441.84;1598.73;6.82;1.29;1.92;2.00;1.47;1.64;156
35;USED;6942.83;134217728;0.69;0.71;1.01;TRUE;727.34;0.13;351.30;6931.14;720.40;1707.42;6931.30;720.53;2058.73;6.82;0.80;2.65;2.56;0.93;1.44;156
50;USED;44.88;2239815;0.70;1.28;8.99;TRUE;33.60;0.12;7.58;32.93;1.54;18.82;40.57;16.86;26.41;2.46;0.35;1.48;1.92;0.96;1.54;549
50;NOT USED;53.84;2239815;0.85;1.07;9.28;TRUE;6.71;0.12;0.27;35.66;32.91;32.99;42.38;33.04;33.26;3.16;1.80;2.36;1.82;1.28;1.59;549
50;USED;44.88;2239815;0.70;1.28;8.99;TRUE;33.60;0.12;7.58;32.93;1.54;18.82;40.57;16.86;26.41;2.46;0.35;1.48;1.92;0.96;1.54;549
50;NOT USED;52.68;2239815;0.85;1.34;22.45;TRUE;5.22;0.12;0.24;39.96;32.91;33.07;45.18;33.04;33.32;3.17;1.81;2.36;1.82;1.28;1.59;549
50;NOT USED;53.84;2239815;0.85;1.07;9.28;TRUE;6.71;0.12;0.27;35.66;32.91;32.99;42.38;33.04;33.26;3.16;1.80;2.36;1.82;1.28;1.59;549
50;USED;45.53;2239815;0.90;1.42;6.69;TRUE;33.68;0.12;7.26;32.93;1.52;18.81;36.91;23.31;26.07;2.46;0.38;1.48;2.30;0.96;1.56;549
50;USED;45.53;2239815;0.90;1.42;6.69;TRUE;33.68;0.12;7.26;32.93;1.52;18.81;36.91;23.31;26.07;2.46;0.38;1.48;2.30;0.96;1.56;549
50;NOT USED;52.68;2239815;0.85;1.34;22.45;TRUE;5.22;0.12;0.24;39.96;32.91;33.07;45.18;33.04;33.32;3.17;1.81;2.36;1.82;1.28;1.59;549
50;NOT USED;83.13;4293938;0.78;0.82;1.63;TRUE;7.53;0.12;0.29;63.59;63.06;63.08;71.12;63.18;63.38;3.16;1.79;2.36;1.82;1.28;1.59;549
50;USED;72.64;4293938;0.80;1.09;4.40;TRUE;55.04;0.12;13.72;63.07;2.86;36.00;68.38;42.50;49.72;2.45;0.39;1.48;1.92;0.96;1.54;549
50;NOT USED;77.96;4293938;0.78;0.98;9.82;TRUE;5.66;0.12;0.25;68.72;63.06;63.19;74.38;63.18;63.44;3.14;1.79;2.36;2.55;1.28;1.61;549
50;NOT USED;77.96;4293938;0.78;0.98;9.82;TRUE;5.66;0.12;0.25;68.72;63.06;63.19;74.38;63.18;63.44;3.14;1.79;2.36;2.55;1.28;1.61;549
50;USED;74.50;4293938;0.70;0.95;4.29;TRUE;52.00;0.12;13.72;63.07;2.86;36.00;65.34;44.52;49.72;2.47;0.38;1.48;1.92;0.96;1.54;549
50;USED;74.50;4293938;0.70;0.95;4.29;TRUE;52.00;0.12;13.72;63.07;2.86;36.00;65.34;44.52;49.72;2.47;0.38;1.48;1.92;0.96;1.54;549
50;NOT USED;83.13;4293938;0.78;0.82;1.63;TRUE;7.53;0.12;0.29;63.59;63.06;63.08;71.12;63.18;63.38;3.16;1.79;2.36;1.82;1.28;1.59;549
50;USED;72.64;4293938;0.80;1.09;4.40;TRUE;55.04;0.12;13.72;63.07;2.86;36.00;68.38;42.50;49.72;2.45;0.39;1.48;1.92;0.96;1.54;549
50;USED;137.14;8869498;0.74;0.89;2.39;TRUE;103.86;0.12;26.56;130.21;5.81;74.30;131.35;88.00;100.87;2.47;0.38;1.48;1.92;0.96;1.55;549
50;NOT USED;146.09;8869498;0.73;0.82;4.79;TRUE;5.93;0.12;0.26;135.44;130.20;130.32;141.37;130.32;130.58;3.18;1.81;2.36;1.82;1.28;1.60;549
50;USED;135.97;8869498;0.70;0.82;2.49;TRUE;103.31;0.12;26.63;130.21;5.80;74.30;130.77;87.94;100.93;2.46;0.37;1.48;1.92;0.96;1.54;549
50;USED;135.97;8869498;0.70;0.82;2.49;TRUE;103.31;0.12;26.63;130.21;5.80;74.30;130.77;87.94;100.93;2.46;0.37;1.48;1.92;0.96;1.54;549
50;NOT USED;146.09;8869498;0.73;0.82;4.79;TRUE;5.93;0.12;0.26;135.44;130.20;130.32;141.37;130.32;130.58;3.18;1.81;2.36;1.82;1.28;1.60;549
50;NOT USED;150.90;8869498;0.73;0.81;4.26;TRUE;5.95;0.12;0.26;134.75;130.20;130.30;140.71;130.32;130.57;3.19;1.80;2.37;1.82;1.28;1.59;549
50;USED;137.14;8869498;0.74;0.89;2.39;TRUE;103.86;0.12;26.56;130.21;5.81;74.30;131.35;88.00;100.87;2.47;0.38;1.48;1.92;0.96;1.55;549
50;NOT USED;150.90;8869498;0.73;0.81;4.26;TRUE;5.95;0.12;0.26;134.75;130.20;130.30;140.71;130.32;130.57;3.19;1.80;2.37;1.82;1.28;1.59;549
50;NOT USED;253.72;15890720;0.72;0.72;0.76;TRUE;7.43;0.12;0.29;233.32;233.22;233.24;240.69;233.35;233.53;3.16;1.79;2.36;1.82;1.28;1.59;549
50;USED;243.83;15890720;0.72;0.81;1.65;TRUE;174.28;0.12;47.42;233.24;10.34;133.07;233.38;164.29;180.49;2.47;0.37;1.48;1.92;0.96;1.54;549
50;USED;243.83;15890720;0.72;0.81;1.65;TRUE;174.28;0.12;47.42;233.24;10.34;133.07;233.38;164.29;180.49;2.47;0.37;1.48;1.92;0.96;1.54;549
50;NOT USED;253.72;15890720;0.72;0.72;0.76;TRUE;7.43;0.12;0.29;233.32;233.22;233.24;240.69;233.35;233.53;3.16;1.79;2.36;1.82;1.28;1.59;549
50;NOT USED;253.53;15890720;0.72;0.76;2.92;TRUE;5.98;0.12;0.26;238.33;233.22;233.34;244.31;233.35;233.61;3.16;1.79;2.36;1.82;1.28;1.59;549
50;USED;246.94;15890720;0.70;0.77;1.71;TRUE;171.01;0.12;46.18;233.24;10.32;133.07;233.38;164.30;179.25;2.46;0.37;1.48;1.92;0.96;1.54;549
50;USED;246.94;15890720;0.70;0.77;1.71;TRUE;171.01;0.12;46.18;233.24;10.32;133.07;233.38;164.30;179.25;2.46;0.37;1.48;1.92;0.96;1.54;549
50;NOT USED;253.53;15890720;0.72;0.76;2.92;TRUE;5.98;0.12;0.26;238.33;233.22;233.34;244.31;233.35;233.61;3.16;1.79;2.36;1.82;1.28;1.59;549
50;NOT USED;491.82;32095088;0.70;0.75;3.04;TRUE;4.06;0.12;0.22;481.93;471.00;471.24;486.00;471.12;471.47;3.18;1.79;2.37;1.82;1.28;1.59;549
50;NOT USED;491.82;32095088;0.70;0.75;3.04;TRUE;4.06;0.12;0.22;481.93;471.00;471.24;486.00;471.12;471.47;3.18;1.79;2.37;1.82;1.28;1.59;549
50;USED;481.45;32095088;0.70;0.74;1.26;TRUE;341.08;0.12;93.61;471.02;20.78;268.71;471.16;331.66;362.33;2.45;0.39;1.47;1.92;0.96;1.54;549
50;USED;481.45;32095088;0.70;0.74;1.26;TRUE;341.08;0.12;93.61;471.02;20.78;268.71;471.16;331.66;362.33;2.45;0.39;1.47;1.92;0.96;1.54;549
50;USED;482.20;32095088;0.71;0.84;5.75;TRUE;333.97;0.12;92.03;471.02;20.78;268.79;471.16;331.65;360.82;2.49;0.39;1.48;1.92;0.96;1.54;549
50;USED;482.20;32095088;0.71;0.84;5.75;TRUE;333.97;0.12;92.03;471.02;20.78;268.79;471.16;331.65;360.82;2.49;0.39;1.48;1.92;0.96;1.54;549
50;NOT USED;491.55;32095088;0.70;0.74;2.45;TRUE;5.03;0.12;0.24;479.16;471.00;471.19;484.19;471.13;471.43;3.15;1.80;2.37;1.82;1.28;1.59;549
50;NOT USED;1004.79;67108864;0.70;0.71;1.16;TRUE;5.90;0.12;0.25;989.34;984.78;984.90;995.24;984.91;985.16;3.16;1.79;2.37;1.82;1.28;1.59;549
50;USED;988.70;67108864;0.70;0.82;5.86;TRUE;698.68;0.12;194.23;984.80;43.37;561.96;984.94;693.28;756.19;2.48;0.37;1.48;1.92;0.96;1.54;549
50;NOT USED;491.55;32095088;0.70;0.74;2.45;TRUE;5.03;0.12;0.24;479.16;471.00;471.19;484.19;471.13;471.43;3.15;1.80;2.37;1.82;1.28;1.59;549
50;NOT USED;1004.79;67108864;0.70;0.71;1.16;TRUE;5.90;0.12;0.25;989.34;984.78;984.90;995.24;984.91;985.16;3.16;1.79;2.37;1.82;1.28;1.59;549
50;NOT USED;999.02;67108864;0.70;0.70;0.72;TRUE;1.96;0.12;0.18;985.02;984.78;984.81;986.77;984.91;984.99;3.15;1.78;2.36;1.82;1.28;1.59;549
50;USED;988.93;67108864;0.70;0.72;1.06;TRUE;699.35;0.12;194.21;984.80;43.41;561.75;984.95;693.28;755.96;2.49;0.40;1.48;1.92;0.96;1.55;549
50;USED;988.93;67108864;0.70;0.72;1.06;TRUE;699.35;0.12;194.21;984.80;43.41;561.75;984.95;693.28;755.96;2.49;0.40;1.48;1.92;0.96;1.55;549
50;NOT USED;999.02;67108864;0.70;0.70;0.72;TRUE;1.96;0.12;0.18;985.02;984.78;984.81;986.77;984.91;984.99;3.15;1.78;2.36;1.82;1.28;1.59;549
50;USED;988.70;67108864;0.70;0.82;5.86;TRUE;698.68;0.12;194.23;984.80;43.37;561.96;984.94;693.28;756.19;2.48;0.37;1.48;1.92;0.96;1.54;549
50;NOT USED;1991.35;134217728;0.70;0.71;1.29;TRUE;3.59;0.12;0.21;1981.21;1969.52;1969.79;1984.81;1969.65;1970.00;3.13;1.81;2.37;1.82;1.28;1.59;549
50;USED;1972.92;134217728;0.70;0.71;0.85;TRUE;1400.14;0.12;390.37;1969.54;86.69;1123.44;1969.68;1386.39;1513.81;2.46;0.37;1.48;1.92;0.96;1.54;549
50;NOT USED;1987.25;134217728;0.70;0.70;0.80;TRUE;6.88;0.12;0.28;1971.58;1969.52;1969.61;1978.46;1969.65;1969.89;3.28;1.80;2.37;1.82;1.28;1.59;549
50;NOT USED;1987.25;134217728;0.70;0.70;0.80;TRUE;6.88;0.12;0.28;1971.58;1969.52;1969.61;1978.46;1969.65;1969.89;3.28;1.80;2.37;1.82;1.28;1.59;549
50;USED;1974.31;134217728;0.70;0.71;0.85;TRUE;1400.00;0.12;389.54;1969.54;86.68;1123.45;1969.68;1386.38;1512.99;2.46;0.35;1.48;1.92;0.96;1.54;549
50;USED;1974.31;134217728;0.70;0.71;0.85;TRUE;1400.00;0.12;389.54;1969.54;86.68;1123.45;1969.68;1386.38;1512.99;2.46;0.35;1.48;1.92;0.96;1.54;549
50;NOT USED;1991.35;134217728;0.70;0.71;1.29;TRUE;3.59;0.12;0.21;1981.21;1969.52;1969.79;1984.81;1969.65;1970.00;3.13;1.81;2.37;1.82;1.28;1.59;549
50;USED;1972.92;134217728;0.70;0.71;0.85;TRUE;1400.14;0.12;390.37;1969.54;86.69;1123.44;1969.68;1386.39;1513.81;2.46;0.37;1.48;1.92;0.96;1.54;549
75;USED;74.53;2239815;0.80;1.42;3.23;TRUE;30.71;0.12;12.07;67.91;4.62;12.92;68.05;7.79;24.99;4.84;0.45;1.36;3.68;0.84;1.48;266
75;USED;75.49;2239815;0.82;3.93;24.27;TRUE;27.71;0.12;11.15;68.02;4.71;13.08;68.19;7.95;24.23;13.20;1.28;4.22;3.00;0.84;1.68;266
75;NOT USED;72.03;2239815;0.80;1.19;27.77;TRUE;0.17;0.12;0.14;67.91;47.40;47.86;68.06;47.53;48.01;4.77;2.46;3.40;1.84;1.31;1.57;266
75;NOT USED;149.35;4293938;0.75;1.01;19.39;TRUE;1.26;0.12;0.15;130.11;90.84;91.60;130.26;90.96;91.76;4.76;2.46;3.40;1.84;1.31;1.57;266
75;NOT USED;145.79;4293938;0.75;0.93;13.17;TRUE;0.88;0.12;0.15;130.11;90.84;91.53;130.27;90.96;91.68;4.77;2.46;3.40;1.84;1.31;1.57;266
75;USED;141.21;4293938;0.75;1.06;2.01;TRUE;39.72;0.12;20.48;130.12;8.82;24.71;130.27;21.10;45.19;4.85;0.45;1.36;3.68;0.84;1.46;266
75;USED;139.44;4293938;0.75;1.10;4.03;TRUE;39.95;0.13;22.51;130.11;8.82;24.71;130.27;23.48;47.22;4.81;0.42;1.36;3.68;0.84;1.46;266
75;NOT USED;273.14;8869498;0.72;0.73;0.80;TRUE;3.15;0.12;0.18;268.69;187.58;188.69;268.83;187.70;188.88;4.76;2.47;3.40;1.84;1.31;1.57;266
75;NOT USED;283.55;8869498;0.72;0.80;5.97;TRUE;5.06;0.12;0.21;268.69;187.58;188.82;268.84;187.71;189.03;4.76;2.46;3.40;1.84;1.31;1.57;266
75;USED;287.66;8869498;0.72;0.87;1.37;TRUE;70.17;0.12;38.19;268.69;18.16;50.97;268.84;48.30;89.17;4.85;0.45;1.36;3.68;0.84;1.46;266
75;USED;276.81;8869498;0.72;0.87;1.34;TRUE;70.12;0.13;40.42;268.69;18.16;50.97;268.84;48.30;91.40;4.82;0.43;1.36;3.68;0.84;1.46;266
75;NOT USED;493.30;15890720;0.71;0.76;4.14;TRUE;3.20;0.12;0.18;481.32;336.04;338.17;481.48;336.16;338.35;4.78;2.47;3.40;1.84;1.31;1.58;266
75;USED;487.32;15890720;0.71;0.80;1.25;TRUE;101.01;0.13;65.57;481.33;32.49;91.28;481.48;86.39;156.86;4.88;0.43;1.36;3.68;0.84;1.46;266
75;USED;490.77;15890720;0.71;0.79;1.06;TRUE;101.07;0.12;64.80;481.33;32.49;91.28;481.48;86.39;156.09;4.82;0.41;1.36;3.68;0.84;1.46;266
75;NOT USED;495.50;15890720;0.71;0.73;2.02;TRUE;7.06;0.12;0.23;481.32;336.04;338.07;481.48;336.16;338.31;4.75;2.46;3.40;2.62;1.31;1.58;266
75;NOT USED;988.89;32095088;0.70;0.74;3.40;TRUE;1.00;0.12;0.15;972.08;678.67;682.88;972.23;678.79;683.03;4.76;2.45;3.41;1.84;1.31;1.57;266
75;NOT USED;991.22;32095088;0.70;0.71;1.27;TRUE;3.23;0.12;0.18;972.08;678.67;682.69;972.23;678.79;682.88;4.80;2.48;3.42;1.84;1.31;1.57;266
75;USED;979.40;32095088;0.70;0.74;0.91;TRUE;195.40;0.13;132.01;972.08;65.57;184.31;972.24;174.30;316.33;4.84;0.44;1.36;3.68;0.84;1.46;266
75;USED;980.13;32095088;0.70;0.79;3.71;TRUE;188.70;0.13;128.79;972.08;65.57;184.35;972.23;174.29;313.14;4.90;0.43;1.36;3.68;0.84;1.46;266
75;USED;2040.43;67108864;0.70;0.72;1.01;TRUE;382.53;0.12;269.33;2032.48;137.05;385.33;2032.63;364.24;654.67;4.86;0.46;1.36;3.68;0.84;1.46;266
75;NOT USED;2044.15;67108864;0.70;0.70;0.99;TRUE;0.17;0.12;0.14;2032.55;1419.00;1427.33;2032.71;1419.12;1427.47;4.78;2.45;3.40;1.84;1.31;1.57;266
75;USED;2039.13;67108864;0.70;0.72;0.88;TRUE;380.89;0.13;271.05;2032.48;137.05;385.33;2032.63;364.24;656.38;4.84;0.46;1.35;3.68;0.84;1.46;266
75;NOT USED;2039.47;67108864;0.70;0.70;0.92;TRUE;1.16;0.12;0.15;2032.48;1419.00;1427.31;2032.65;1419.12;1427.46;4.80;2.48;3.40;1.84;1.31;1.57;266
75;NOT USED;4074.00;134217728;0.70;0.71;1.30;TRUE;1.19;0.12;0.15;4064.90;2837.96;2854.70;4065.08;2838.09;2854.85;4.80;2.46;3.39;1.84;1.31;1.58;266
75;NOT USED;4079.86;134217728;0.70;0.71;1.27;TRUE;0.89;0.12;0.15;4064.96;2837.95;2854.68;4065.11;2838.07;2854.84;4.77;2.43;3.38;1.84;1.31;1.58;266
75;USED;4068.90;134217728;0.70;0.71;0.98;TRUE;745.89;0.12;538.03;4064.89;274.06;770.59;4065.04;728.29;1308.62;4.82;0.44;1.35;3.68;0.84;1.46;266
75;USED;4075.68;134217728;0.70;0.71;0.91;TRUE;745.68;0.13;537.26;4064.96;274.06;770.60;4065.11;728.29;1307.86;4.83;0.43;1.36;3.68;0.84;1.46;266
10;USED;16.89;2239815;1.30;5.70;13.28;TRUE;9.27;0.12;3.78;6.96;1.46;3.24;13.16;3.39;7.03;;;;;;;2606
10;USED;25.56;4293938;1.02;3.20;7.12;TRUE;12.32;0.13;5.30;13.31;2.72;6.10;22.55;6.28;11.41;;;;;;;2606
10;USED;46.38;8869498;0.85;1.89;3.11;TRUE;15.46;0.12;7.74;27.46;5.52;12.49;42.78;12.71;20.24;;;;;;;2606
10;USED;79.85;15890720;0.79;1.35;2.09;TRUE;27.73;0.13;13.53;49.16;9.82;22.29;76.66;22.58;35.82;;;;;;;2606
10;USED;152.34;32095088;0.74;1.01;1.38;TRUE;49.20;0.12;24.50;99.25;19.75;44.90;148.04;45.35;69.40;;;;;;;2606
10;USED;309.80;67108864;0.74;0.86;1.06;TRUE;98.23;0.12;48.87;207.54;41.23;93.78;305.00;94.55;142.65;;;;;;;2606
10;USED;609.36;134217728;0.71;0.78;0.90;TRUE;192.21;0.13;95.77;414.95;82.34;187.43;606.71;188.88;283.21;;;;;;;2606
20;USED;24.87;2239815;1.11;2.90;5.85;TRUE;12.34;0.12;6.51;9.24;1.73;5.36;21.58;4.72;11.88;;;;;;;1964
20;USED;34.08;4293938;0.90;1.89;4.09;TRUE;12.34;0.12;6.97;17.66;3.25;10.22;30.01;8.87;17.19;;;;;;;1964
20;USED;64.50;8869498;0.79;1.25;2.05;TRUE;24.55;0.11;13.97;36.43;6.63;21.02;60.99;18.11;34.99;;;;;;;1964
20;USED;105.84;15890720;0.76;1.00;1.60;TRUE;36.77;0.11;22.49;65.23;11.83;37.60;102.00;32.31;60.09;;;;;;;1964
20;USED;205.47;32095088;0.72;0.85;1.15;TRUE;73.48;0.11;45.01;131.78;23.79;75.87;202.02;65.05;120.89;;;;;;;1964
20;USED;418.93;67108864;0.71;0.77;0.91;TRUE;142.71;0.11;90.53;275.37;49.64;158.56;415.22;135.81;249.09;;;;;;;1964
20;USED;833.32;134217728;0.70;0.73;0.78;TRUE;279.85;0.12;178.78;550.58;99.15;317.03;830.42;271.45;495.82;;;;;;;1964
35;USED;121.50;2239815;0.76;1.04;1.74;TRUE;21.47;0.13;7.45;115.74;12.07;28.55;115.89;12.21;36.00;;;;;;;156
35;USED;230.48;4293938;0.73;0.88;1.60;TRUE;30.50;0.13;12.68;221.81;23.10;54.68;221.97;23.23;67.36;;;;;;;156
35;USED;461.01;8869498;0.71;0.81;1.19;TRUE;55.41;0.12;24.53;458.10;47.65;112.92;458.26;47.78;137.45;;;;;;;156
35;USED;828.61;15890720;0.71;0.77;0.97;TRUE;92.25;0.13;43.78;820.80;85.34;202.27;820.96;85.47;246.06;;;;;;;156
35;USED;1668.54;32095088;0.71;0.75;0.96;TRUE;177.28;0.12;84.12;1658.18;172.30;408.49;1658.35;172.44;492.61;;;;;;;156
35;USED;3471.09;67108864;0.70;0.74;1.11;TRUE;370.89;0.12;178.02;3467.05;360.22;854.04;3467.21;360.35;1032.06;;;;;;;156
35;USED;6940.69;134217728;0.70;0.73;1.10;FALSE;726.99;0.12;351.20;6933.64;720.40;1707.96;6933.80;720.53;2059.17;;;;;;;156
50;USED;42.56;2239815;0.89;1.45;7.46;TRUE;30.48;0.12;6.22;32.93;1.53;18.81;34.58;22.35;25.04;;;;;;;549
50;USED;69.55;4293938;0.80;1.07;4.43;TRUE;51.79;0.12;12.56;63.07;2.85;36.00;63.24;44.52;48.56;;;;;;;549
50;USED;141.36;8869498;0.75;0.89;2.27;TRUE;100.80;0.12;26.38;130.25;5.80;74.30;130.39;91.78;100.69;;;;;;;549
50;USED;243.57;15890720;0.73;0.82;1.55;TRUE;174.03;0.12;46.97;233.38;10.33;133.08;233.53;164.30;180.05;;;;;;;549
50;USED;477.63;32095088;0.71;0.75;1.33;TRUE;344.86;0.12;93.49;471.29;20.79;268.70;471.44;331.65;362.20;;;;;;;549
50;USED;989.17;67108864;0.70;0.72;0.98;TRUE;701.16;0.13;194.71;985.29;43.39;561.75;985.43;693.28;756.47;;;;;;;549
50;USED;1980.43;134217728;0.70;0.78;4.40;TRUE;1390.95;0.12;388.07;1970.18;86.67;1123.75;1970.32;1386.38;1511.82;;;;;;;549
10;NOT USED;11.01;2239815;0.70;1.12;4.40;TRUE;0.16;0.13;0.14;7.02;6.31;6.40;7.15;6.45;6.55;;;;;;;2606
10;NOT USED;17.14;4293938;0.70;0.95;4.40;TRUE;0.16;0.13;0.14;13.36;12.03;12.18;13.50;12.16;12.32;;;;;;;2606
10;NOT USED;32.02;8869498;0.70;0.86;4.40;TRUE;0.16;0.13;0.14;27.50;24.76;25.05;27.65;24.90;25.20;;;;;;;2606
10;NOT USED;52.14;15890720;0.70;0.83;4.40;TRUE;0.16;0.13;0.14;49.21;44.30;44.81;49.35;44.43;44.95;;;;;;;2606
10;NOT USED;104.23;32095088;0.70;0.80;4.40;TRUE;0.16;0.13;0.14;99.30;89.39;90.40;99.44;89.52;90.54;;;;;;;2606
10;NOT USED;212.17;67108864;0.70;0.79;4.40;TRUE;0.16;0.13;0.14;207.55;186.82;188.92;207.69;186.96;189.06;;;;;;;2606
10;NOT USED;419.53;134217728;0.70;0.78;4.40;TRUE;0.16;0.13;0.14;414.99;373.57;377.73;415.13;373.70;377.88;;;;;;;2606
20;NOT USED;20.38;2239815;0.70;0.93;2.70;TRUE;0.15;0.12;0.13;13.19;12.98;13.00;13.34;13.10;13.14;;;;;;;1395
20;NOT USED;31.95;4293938;0.70;0.83;2.55;TRUE;0.16;0.12;0.13;25.25;24.84;24.87;25.41;24.96;25.01;;;;;;;1395
20;NOT USED;58.52;8869498;0.70;0.78;2.28;TRUE;0.15;0.11;0.13;52.02;51.26;51.31;52.18;51.38;51.45;;;;;;;1395
20;NOT USED;99.10;15890720;0.70;0.76;2.20;TRUE;0.16;0.12;0.14;93.13;91.81;91.89;93.30;91.93;92.03;;;;;;;1395
20;NOT USED;193.12;32095088;0.70;0.74;2.16;TRUE;0.16;0.12;0.13;188.04;185.38;185.54;188.20;185.50;185.68;;;;;;;1395
20;NOT USED;400.25;67108864;0.70;0.74;2.35;TRUE;0.16;0.11;0.14;393.92;387.58;387.94;394.08;387.70;388.08;;;;;;;1395
20;NOT USED;789.05;134217728;0.70;0.73;2.13;TRUE;0.16;0.12;0.13;786.16;775.13;775.74;786.32;775.25;775.88;;;;;;;1395
35;NOT USED;125.92;2239815;0.70;0.89;1.08;TRUE;0.17;0.12;0.14;115.74;24.11;26.74;115.90;24.24;26.89;;;;;;;156
35;NOT USED;230.41;4293938;0.70;0.80;0.89;TRUE;0.16;0.12;0.14;221.81;46.17;51.20;221.98;46.30;51.35;;;;;;;156
35;NOT USED;467.17;8869498;0.70;0.75;0.81;TRUE;0.18;0.12;0.14;458.10;95.32;105.70;458.25;95.45;105.84;;;;;;;156
35;NOT USED;829.73;15890720;0.70;0.72;0.81;TRUE;0.16;0.13;0.14;820.80;170.74;189.32;820.96;170.87;189.47;;;;;;;156
35;NOT USED;1666.91;32095088;0.70;0.71;0.81;TRUE;0.17;0.12;0.14;1658.18;344.79;382.34;1658.34;344.92;382.48;;;;;;;156
35;NOT USED;3470.17;67108864;0.70;0.70;0.81;TRUE;1.16;0.13;0.17;3467.05;720.88;799.36;3467.20;721.01;799.54;;;;;;;156
35;NOT USED;6943.86;134217728;0.70;0.70;0.81;FALSE;0.16;0.12;0.14;6933.64;1441.71;1598.64;6933.80;1441.84;1598.79;;;;;;;156
50;NOT USED;47.27;2239815;0.85;0.90;1.15;TRUE;0.16;0.12;0.14;33.01;32.91;32.93;33.18;33.04;33.08;;;;;;;549
50;NOT USED;77.61;4293938;0.77;0.80;0.83;TRUE;0.17;0.12;0.14;63.09;63.05;63.07;63.25;63.18;63.22;;;;;;;549
50;NOT USED;144.79;8869498;0.74;0.76;0.81;TRUE;0.17;0.12;0.14;130.29;130.21;130.24;130.44;130.35;130.38;;;;;;;549
50;NOT USED;247.37;15890720;0.73;0.75;0.80;TRUE;0.17;0.12;0.14;233.41;233.25;233.33;233.58;233.40;233.47;;;;;;;549
50;NOT USED;485.82;32095088;0.71;0.75;0.77;TRUE;0.16;0.12;0.14;471.32;471.01;471.22;471.47;471.14;471.36;;;;;;;549
50;NOT USED;999.54;67108864;0.70;0.74;0.76;TRUE;0.16;0.12;0.14;985.40;984.81;985.18;985.55;984.97;985.33;;;;;;;549
50;NOT USED;1984.27;134217728;0.70;0.73;0.75;TRUE;0.17;0.12;0.14;1970.53;1969.55;1970.21;1970.68;1969.70;1970.36;;;;;;;549
10;USED;19.02;2239815;1.30;5.23;10.49;TRUE;9.33;0.12;4.09;6.96;1.46;3.23;16.22;3.40;7.33;;;;;;;2606
10;USED;26.40;4293938;1.19;3.18;5.89;TRUE;12.33;0.12;5.61;13.33;2.72;6.11;22.58;6.28;11.72;;;;;;;2606
10;USED;45.37;8869498;0.87;1.91;3.76;TRUE;18.33;0.12;8.04;27.46;5.52;12.49;42.79;12.71;20.54;;;;;;;2606
10;USED;76.76;15890720;0.81;1.38;2.06;TRUE;27.56;0.12;12.92;49.18;9.86;22.29;73.63;22.57;35.22;;;;;;;2606
10;USED;151.17;32095088;0.87;1.01;1.31;TRUE;51.74;0.12;24.80;99.38;19.76;44.91;148.17;45.35;69.72;;;;;;;2606
10;USED;308.05;67108864;0.72;0.84;0.98;TRUE;100.35;0.12;49.17;207.50;41.20;93.76;304.95;94.56;142.93;;;;;;;2606
10;USED;610.99;134217728;0.70;0.77;0.86;TRUE;195.26;0.12;96.69;414.94;82.33;187.43;606.70;188.87;284.12;;;;;;;2606
20;USED;22.81;2239815;1.08;2.90;7.06;TRUE;12.28;0.12;5.60;9.24;1.75;5.36;18.54;4.71;10.97;;;;;;;1964
20;USED;34.84;4293938;0.90;1.86;4.06;TRUE;15.41;0.12;8.03;17.66;3.27;10.21;30.01;8.87;18.25;;;;;;;1964
20;USED;62.83;8869498;0.79;1.24;2.24;TRUE;24.59;0.12;14.12;36.43;6.64;21.02;57.94;18.11;35.14;;;;;;;1964
20;USED;107.05;15890720;0.75;1.01;1.70;TRUE;36.80;0.11;23.25;65.23;11.84;37.60;102.01;32.31;60.86;;;;;;;1964
20;USED;208.46;32095088;0.72;0.85;1.06;TRUE;73.09;0.11;45.02;131.86;23.77;75.87;204.78;65.05;120.90;;;;;;;1964
20;USED;419.77;67108864;0.71;0.77;0.91;TRUE;142.76;0.12;90.52;275.37;49.63;158.56;415.85;135.82;249.09;;;;;;;1964
20;USED;830.30;134217728;0.70;0.73;0.80;TRUE;276.81;0.11;178.17;550.64;99.17;317.03;827.38;271.45;495.21;;;;;;;1964
35;USED;122.68;2239815;0.76;1.07;1.91;TRUE;21.59;0.13;9.19;115.74;12.07;28.55;115.90;12.21;37.75;;;;;;;156
35;USED;228.60;4293938;0.73;0.88;1.35;TRUE;30.61;0.12;12.07;221.81;23.10;54.68;221.97;23.22;66.75;;;;;;;156
35;USED;461.53;8869498;0.71;0.83;1.42;TRUE;55.40;0.13;25.05;458.10;47.65;112.93;458.26;47.79;137.98;;;;;;;156
35;USED;824.80;15890720;0.72;0.78;0.96;TRUE;94.65;0.13;42.30;820.80;85.33;202.29;820.96;85.47;244.59;;;;;;;156
35;USED;1666.18;32095088;0.70;0.75;1.08;TRUE;177.39;0.12;84.64;1658.18;172.30;408.50;1658.34;172.43;493.14;;;;;;;156
35;USED;3470.98;67108864;0.70;0.74;1.21;TRUE;369.20;0.12;177.23;3467.05;360.22;854.05;3467.21;360.35;1031.28;;;;;;;156
35;USED;6944.11;134217728;0.70;0.72;0.86;FALSE;728.82;0.13;350.14;6933.64;720.41;1707.86;6933.81;720.54;2058.01;;;;;;;156
50;USED;44.87;2239815;0.90;1.45;8.15;TRUE;33.58;0.12;7.56;32.93;1.54;18.81;40.56;22.92;26.38;;;;;;;549
50;USED;70.58;4293938;0.80;1.11;5.41;TRUE;55.04;0.12;13.29;63.07;2.85;36.00;65.34;44.52;49.30;;;;;;;549
50;USED;136.24;8869498;0.75;0.89;3.13;TRUE;106.43;0.12;27.36;130.25;5.80;74.30;130.39;91.78;101.66;;;;;;;549
50;USED;246.27;15890720;0.73;0.91;5.78;TRUE;170.23;0.12;46.06;233.38;10.33;133.12;233.52;164.29;179.18;;;;;;;549
50;USED;474.70;32095088;0.71;0.76;1.16;TRUE;337.01;0.12;92.95;471.29;20.79;268.71;471.44;331.65;361.66;;;;;;;549
50;USED;994.97;67108864;0.70;0.72;0.98;TRUE;705.39;0.12;196.30;985.28;43.40;561.76;985.42;693.28;758.07;;;;;;;549
50;USED;1980.03;134217728;0.70;0.81;5.87;TRUE;1395.31;0.12;388.96;1970.33;86.66;1123.88;1970.48;1386.39;1512.84;;;;;;;549
10;NOT USED;11.08;2239815;0.70;1.14;5.87;TRUE;0.16;0.13;0.14;7.02;6.31;6.40;7.16;6.45;6.54;;;;;;;2606
10;NOT USED;17.90;4293938;0.70;0.98;5.87;TRUE;0.16;0.13;0.14;13.36;12.03;12.18;13.50;12.17;12.32;;;;;;;2606
10;NOT USED;30.40;8869498;0.70;0.90;5.87;TRUE;0.17;0.13;0.14;27.50;24.76;25.06;27.64;24.90;25.20;;;;;;;2606
10;NOT USED;53.35;15890720;0.70;0.86;5.87;TRUE;0.16;0.13;0.14;49.21;44.30;44.81;49.35;44.43;44.95;;;;;;;2606
10;NOT USED;101.94;32095088;0.70;0.83;5.87;TRUE;0.16;0.13;0.14;99.32;89.39;90.40;99.46;89.52;90.55;;;;;;;2606
10;NOT USED;211.10;67108864;0.70;0.82;5.87;TRUE;0.16;0.13;0.14;207.54;186.82;188.91;207.68;186.96;189.06;;;;;;;2606
10;NOT USED;418.85;134217728;0.70;0.81;5.87;TRUE;0.16;0.13;0.14;414.99;373.56;377.73;415.13;373.70;377.88;;;;;;;2606
20;NOT USED;20.05;2239815;0.70;0.93;2.72;TRUE;0.16;0.12;0.14;13.19;12.98;13.00;13.35;13.10;13.14;;;;;;;1395
20;NOT USED;32.09;4293938;0.70;0.83;2.43;TRUE;0.16;0.12;0.14;25.22;24.84;24.87;25.38;24.96;25.01;;;;;;;1395
20;NOT USED;58.30;8869498;0.70;0.79;2.27;TRUE;0.16;0.11;0.13;52.02;51.26;51.32;52.17;51.38;51.46;;;;;;;1395
20;NOT USED;98.91;15890720;0.70;0.73;0.85;TRUE;0.15;0.12;0.14;91.90;91.81;91.83;92.06;91.93;91.97;;;;;;;1395
20;NOT USED;192.32;32095088;0.70;0.75;2.23;TRUE;0.16;0.12;0.14;188.16;185.38;185.55;188.32;185.51;185.69;;;;;;;1395
20;NOT USED;397.16;67108864;0.70;0.74;2.14;TRUE;0.16;0.11;0.14;393.11;387.58;387.88;393.27;387.70;388.02;;;;;;;1395
20;NOT USED;792.27;134217728;0.70;0.73;2.14;TRUE;0.16;0.12;0.14;786.22;775.13;775.72;786.37;775.25;775.86;;;;;;;1395
35;NOT USED;122.10;2239815;0.70;0.89;1.08;TRUE;0.16;0.13;0.14;115.74;24.11;26.74;115.90;24.24;26.89;;;;;;;156
35;NOT USED;227.48;4293938;0.70;0.80;0.89;TRUE;0.18;0.13;0.14;221.82;46.17;51.20;221.97;46.30;51.35;;;;;;;156
35;NOT USED;462.75;8869498;0.70;0.75;0.79;TRUE;0.16;0.13;0.14;458.10;95.32;105.70;458.26;95.45;105.84;;;;;;;156
35;NOT USED;832.08;15890720;0.70;0.72;0.79;TRUE;0.17;0.12;0.14;820.80;170.73;189.32;820.95;170.86;189.47;;;;;;;156
35;NOT USED;1668.60;32095088;0.70;0.71;0.79;TRUE;0.16;0.13;0.14;1658.18;344.79;382.33;1658.34;344.92;382.48;;;;;;;156
35;NOT USED;3475.86;67108864;0.70;0.70;0.79;TRUE;0.16;0.12;0.14;3466.99;720.88;799.37;3467.15;721.01;799.51;;;;;;;156
35;NOT USED;6940.98;134217728;0.70;0.70;0.79;FALSE;0.16;0.12;0.14;6933.62;1441.71;1598.65;6933.78;1441.84;1598.80;;;;;;;156
50;NOT USED;47.32;2239815;0.85;0.90;0.97;TRUE;0.16;0.12;0.14;32.95;32.91;32.93;33.11;33.04;33.08;;;;;;;549
50;NOT USED;77.05;4293938;0.78;0.80;0.84;TRUE;0.16;0.12;0.14;63.09;63.06;63.07;63.26;63.19;63.22;;;;;;;549
50;NOT USED;144.60;8869498;0.74;0.76;0.81;TRUE;0.16;0.12;0.14;130.29;130.20;130.23;130.44;130.33;130.38;;;;;;;549
50;NOT USED;247.61;15890720;0.73;0.75;0.82;TRUE;0.17;0.12;0.14;233.46;233.25;233.33;233.62;233.41;233.47;;;;;;;549
50;NOT USED;485.49;32095088;0.71;0.75;0.77;TRUE;0.16;0.12;0.14;471.33;471.03;471.22;471.48;471.18;471.36;;;;;;;549
50;NOT USED;999.13;67108864;0.70;0.74;0.76;TRUE;0.16;0.12;0.14;985.36;984.81;985.19;985.50;984.97;985.34;;;;;;;549
50;NOT USED;1985.11;134217728;0.70;0.73;0.76;TRUE;0.16;0.12;0.14;1970.75;1969.53;1970.21;1970.90;1969.66;1970.36;;;;;;;549
10;USED;16.12;2239815;1.36;5.53;13.28;TRUE;9.23;0.13;3.48;6.96;1.46;3.24;13.16;3.39;6.72;;;;;;;2606
10;USED;26.40;4293938;1.02;3.18;5.85;TRUE;9.33;0.13;4.69;13.31;2.74;6.10;22.55;6.28;10.80;;;;;;;2606
10;USED;46.95;8869498;0.85;1.85;3.20;TRUE;18.33;0.12;8.04;27.45;5.52;12.49;42.78;12.71;20.54;;;;;;;2606
10;USED;79.83;15890720;0.78;1.37;2.13;TRUE;27.73;0.12;13.23;49.16;9.86;22.29;76.65;22.59;35.52;;;;;;;2606
10;USED;152.49;32095088;0.74;1.03;1.56;TRUE;49.18;0.12;24.49;99.25;19.74;44.91;148.04;45.35;69.41;;;;;;;2606
10;USED;307.61;67108864;0.72;0.87;1.14;TRUE;98.24;0.12;48.86;207.51;41.24;93.78;304.96;94.56;142.65;;;;;;;2606
10;USED;611.31;134217728;0.70;0.77;0.84;TRUE;194.52;0.12;96.38;414.95;82.34;187.42;606.70;188.87;283.81;;;;;;;2606
20;USED;22.90;2239815;1.11;3.00;7.19;TRUE;9.30;0.12;5.30;9.24;1.75;5.37;18.53;4.72;10.67;;;;;;;1964
20;USED;34.35;4293938;0.90;1.84;3.43;TRUE;15.23;0.11;7.43;17.66;3.25;10.21;30.01;8.86;17.64;;;;;;;1964
20;USED;64.27;8869498;0.79;1.23;1.98;TRUE;24.42;0.11;13.82;36.44;6.63;21.02;60.84;18.11;34.84;;;;;;;1964
20;USED;108.40;15890720;0.75;0.99;1.41;TRUE;39.83;0.12;24.17;65.23;11.81;37.60;105.06;32.31;61.77;;;;;;;1964
20;USED;205.53;32095088;0.72;0.85;1.06;TRUE;70.47;0.11;44.86;131.86;23.77;75.88;202.24;65.05;120.74;;;;;;;1964
20;USED;418.70;67108864;0.71;0.77;0.87;TRUE;143.76;0.11;90.68;275.38;49.62;158.56;415.31;135.82;249.24;;;;;;;1964
20;USED;832.81;134217728;0.70;0.73;0.80;TRUE;279.69;0.11;179.38;550.65;99.17;317.04;830.25;271.48;496.43;;;;;;;1964
35;USED;121.72;2239815;0.76;1.04;1.60;TRUE;18.52;0.13;8.06;115.74;12.07;28.55;115.90;12.21;36.61;;;;;;;156
35;USED;229.11;4293938;0.73;0.87;1.18;TRUE;33.91;0.12;14.33;221.82;23.10;54.68;221.97;23.23;69.01;;;;;;;156
35;USED;468.21;8869498;0.71;0.80;1.01;TRUE;57.92;0.12;25.48;458.10;47.66;112.91;458.27;47.79;138.40;;;;;;;156
35;USED;825.51;15890720;0.72;0.78;0.98;TRUE;91.63;0.12;42.56;820.80;85.34;202.30;820.96;85.47;244.86;;;;;;;156
35;USED;1661.56;32095088;0.70;0.75;0.89;TRUE;180.41;0.12;86.30;1658.18;172.31;408.49;1658.34;172.44;494.79;;;;;;;156
10;USED;16.89;2239815;1.30;5.70;13.28;TRUE;9.27;0.12;3.78;6.96;1.46;3.24;13.16;3.39;7.03;;;;;;;2606
10;USED;25.56;4293938;1.02;3.20;7.12;TRUE;12.32;0.13;5.30;13.31;2.72;6.10;22.55;6.28;11.41;;;;;;;2606
10;USED;46.38;8869498;0.85;1.89;3.11;TRUE;15.46;0.12;7.74;27.46;5.52;12.49;42.78;12.71;20.24;;;;;;;2606
10;USED;79.85;15890720;0.79;1.35;2.09;TRUE;27.73;0.13;13.53;49.16;9.82;22.29;76.66;22.58;35.82;;;;;;;2606
10;USED;152.34;32095088;0.74;1.01;1.38;TRUE;49.20;0.12;24.50;99.25;19.75;44.90;148.04;45.35;69.40;;;;;;;2606
10;USED;309.80;67108864;0.74;0.86;1.06;TRUE;98.23;0.12;48.87;207.54;41.23;93.78;305.00;94.55;142.65;;;;;;;2606
10;USED;609.36;134217728;0.71;0.78;0.90;TRUE;192.21;0.13;95.77;414.95;82.34;187.43;606.71;188.88;283.21;;;;;;;2606
20;USED;24.87;2239815;1.11;2.90;5.85;TRUE;12.34;0.12;6.51;9.24;1.73;5.36;21.58;4.72;11.88;;;;;;;1964
20;USED;34.08;4293938;0.90;1.89;4.09;TRUE;12.34;0.12;6.97;17.66;3.25;10.22;30.01;8.87;17.19;;;;;;;1964
20;USED;64.50;8869498;0.79;1.25;2.05;TRUE;24.55;0.11;13.97;36.43;6.63;21.02;60.99;18.11;34.99;;;;;;;1964
20;USED;105.84;15890720;0.76;1.00;1.60;TRUE;36.77;0.11;22.49;65.23;11.83;37.60;102.00;32.31;60.09;;;;;;;1964
20;USED;205.47;32095088;0.72;0.85;1.15;TRUE;73.48;0.11;45.01;131.78;23.79;75.87;202.02;65.05;120.89;;;;;;;1964
20;USED;418.93;67108864;0.71;0.77;0.91;TRUE;142.71;0.11;90.53;275.37;49.64;158.56;415.22;135.81;249.09;;;;;;;1964
20;USED;833.32;134217728;0.70;0.73;0.78;TRUE;279.85;0.12;178.78;550.58;99.15;317.03;830.42;271.45;495.82;;;;;;;1964
35;USED;121.50;2239815;0.76;1.04;1.74;TRUE;21.47;0.13;7.45;115.74;12.07;28.55;115.89;12.21;36.00;;;;;;;156
35;USED;230.48;4293938;0.73;0.88;1.60;TRUE;30.50;0.13;12.68;221.81;23.10;54.68;221.97;23.23;67.36;;;;;;;156
35;USED;461.01;8869498;0.71;0.81;1.19;TRUE;55.41;0.12;24.53;458.10;47.65;112.92;458.26;47.78;137.45;;;;;;;156
35;USED;828.61;15890720;0.71;0.77;0.97;TRUE;92.25;0.13;43.78;820.80;85.34;202.27;820.96;85.47;246.06;;;;;;;156
35;USED;1668.54;32095088;0.71;0.75;0.96;TRUE;177.28;0.12;84.12;1658.18;172.30;408.49;1658.35;172.44;492.61;;;;;;;156
35;USED;3471.09;67108864;0.70;0.74;1.11;TRUE;370.89;0.12;178.02;3467.05;360.22;854.04;3467.21;360.35;1032.06;;;;;;;156
35;USED;6940.69;134217728;0.70;0.73;1.10;FALSE;726.99;0.12;351.20;6933.64;720.40;1707.96;6933.80;720.53;2059.17;;;;;;;156
50;USED;42.56;2239815;0.89;1.45;7.46;TRUE;30.48;0.12;6.22;32.93;1.53;18.81;34.58;22.35;25.04;;;;;;;549
50;USED;69.55;4293938;0.80;1.07;4.43;TRUE;51.79;0.12;12.56;63.07;2.85;36.00;63.24;44.52;48.56;;;;;;;549
50;USED;141.36;8869498;0.75;0.89;2.27;TRUE;100.80;0.12;26.38;130.25;5.80;74.30;130.39;91.78;100.69;;;;;;;549
50;USED;243.57;15890720;0.73;0.82;1.55;TRUE;174.03;0.12;46.97;233.38;10.33;133.08;233.53;164.30;180.05;;;;;;;549
50;USED;477.63;32095088;0.71;0.75;1.33;TRUE;344.86;0.12;93.49;471.29;20.79;268.70;471.44;331.65;362.20;;;;;;;549
50;USED;989.17;67108864;0.70;0.72;0.98;TRUE;701.16;0.13;194.71;985.29;43.39;561.75;985.43;693.28;756.47;;;;;;;549
50;USED;1980.43;134217728;0.70;0.78;4.40;TRUE;1390.95;0.12;388.07;1970.18;86.67;1123.75;1970.32;1386.38;1511.82;;;;;;;549
10;NOT USED;11.01;2239815;0.70;1.12;4.40;TRUE;0.16;0.13;0.14;7.02;6.31;6.40;7.15;6.45;6.55;;;;;;;2606
10;NOT USED;17.14;4293938;0.70;0.95;4.40;TRUE;0.16;0.13;0.14;13.36;12.03;12.18;13.50;12.16;12.32;;;;;;;2606
10;NOT USED;32.02;8869498;0.70;0.86;4.40;TRUE;0.16;0.13;0.14;27.50;24.76;25.05;27.65;24.90;25.20;;;;;;;2606
10;NOT USED;52.14;15890720;0.70;0.83;4.40;TRUE;0.16;0.13;0.14;49.21;44.30;44.81;49.35;44.43;44.95;;;;;;;2606
10;NOT USED;104.23;32095088;0.70;0.80;4.40;TRUE;0.16;0.13;0.14;99.30;89.39;90.40;99.44;89.52;90.54;;;;;;;2606
10;NOT USED;212.17;67108864;0.70;0.79;4.40;TRUE;0.16;0.13;0.14;207.55;186.82;188.92;207.69;186.96;189.06;;;;;;;2606
10;NOT USED;419.53;134217728;0.70;0.78;4.40;TRUE;0.16;0.13;0.14;414.99;373.57;377.73;415.13;373.70;377.88;;;;;;;2606
20;NOT USED;20.38;2239815;0.70;0.93;2.70;TRUE;0.15;0.12;0.13;13.19;12.98;13.00;13.34;13.10;13.14;;;;;;;1395
20;NOT USED;31.95;4293938;0.70;0.83;2.55;TRUE;0.16;0.12;0.13;25.25;24.84;24.87;25.41;24.96;25.01;;;;;;;1395
20;NOT USED;58.52;8869498;0.70;0.78;2.28;TRUE;0.15;0.11;0.13;52.02;51.26;51.31;52.18;51.38;51.45;;;;;;;1395
20;NOT USED;99.10;15890720;0.70;0.76;2.20;TRUE;0.16;0.12;0.14;93.13;91.81;91.89;93.30;91.93;92.03;;;;;;;1395
20;NOT USED;193.12;32095088;0.70;0.74;2.16;TRUE;0.16;0.12;0.13;188.04;185.38;185.54;188.20;185.50;185.68;;;;;;;1395
20;NOT USED;400.25;67108864;0.70;0.74;2.35;TRUE;0.16;0.11;0.14;393.92;387.58;387.94;394.08;387.70;388.08;;;;;;;1395
20;NOT USED;789.05;134217728;0.70;0.73;2.13;TRUE;0.16;0.12;0.13;786.16;775.13;775.74;786.32;775.25;775.88;;;;;;;1395
35;NOT USED;125.92;2239815;0.70;0.89;1.08;TRUE;0.17;0.12;0.14;115.74;24.11;26.74;115.90;24.24;26.89;;;;;;;156
35;NOT USED;230.41;4293938;0.70;0.80;0.89;TRUE;0.16;0.12;0.14;221.81;46.17;51.20;221.98;46.30;51.35;;;;;;;156
35;NOT USED;467.17;8869498;0.70;0.75;0.81;TRUE;0.18;0.12;0.14;458.10;95.32;105.70;458.25;95.45;105.84;;;;;;;156
35;NOT USED;829.73;15890720;0.70;0.72;0.81;TRUE;0.16;0.13;0.14;820.80;170.74;189.32;820.96;170.87;189.47;;;;;;;156
35;NOT USED;1666.91;32095088;0.70;0.71;0.81;TRUE;0.17;0.12;0.14;1658.18;344.79;382.34;1658.34;344.92;382.48;;;;;;;156
35;NOT USED;3470.17;67108864;0.70;0.70;0.81;TRUE;1.16;0.13;0.17;3467.05;720.88;799.36;3467.20;721.01;799.54;;;;;;;156
35;NOT USED;6943.86;134217728;0.70;0.70;0.81;FALSE;0.16;0.12;0.14;6933.64;1441.71;1598.64;6933.80;1441.84;1598.79;;;;;;;156
50;NOT USED;47.27;2239815;0.85;0.90;1.15;TRUE;0.16;0.12;0.14;33.01;32.91;32.93;33.18;33.04;33.08;;;;;;;549
50;NOT USED;77.61;4293938;0.77;0.80;0.83;TRUE;0.17;0.12;0.14;63.09;63.05;63.07;63.25;63.18;63.22;;;;;;;549
50;NOT USED;144.79;8869498;0.74;0.76;0.81;TRUE;0.17;0.12;0.14;130.29;130.21;130.24;130.44;130.35;130.38;;;;;;;549
50;NOT USED;247.37;15890720;0.73;0.75;0.80;TRUE;0.17;0.12;0.14;233.41;233.25;233.33;233.58;233.40;233.47;;;;;;;549
50;NOT USED;485.82;32095088;0.71;0.75;0.77;TRUE;0.16;0.12;0.14;471.32;471.01;471.22;471.47;471.14;471.36;;;;;;;549
50;NOT USED;999.54;67108864;0.70;0.74;0.76;TRUE;0.16;0.12;0.14;985.40;984.81;985.18;985.55;984.97;985.33;;;;;;;549
50;NOT USED;1984.27;134217728;0.70;0.73;0.75;TRUE;0.17;0.12;0.14;1970.53;1969.55;1970.21;1970.68;1969.70;1970.36;;;;;;;549
10;USED;19.02;2239815;1.30;5.23;10.49;TRUE;9.33;0.12;4.09;6.96;1.46;3.23;16.22;3.40;7.33;;;;;;;2606
10;USED;26.40;4293938;1.19;3.18;5.89;TRUE;12.33;0.12;5.61;13.33;2.72;6.11;22.58;6.28;11.72;;;;;;;2606
10;USED;45.37;8869498;0.87;1.91;3.76;TRUE;18.33;0.12;8.04;27.46;5.52;12.49;42.79;12.71;20.54;;;;;;;2606
10;USED;76.76;15890720;0.81;1.38;2.06;TRUE;27.56;0.12;12.92;49.18;9.86;22.29;73.63;22.57;35.22;;;;;;;2606
10;USED;151.17;32095088;0.87;1.01;1.31;TRUE;51.74;0.12;24.80;99.38;19.76;44.91;148.17;45.35;69.72;;;;;;;2606
10;USED;308.05;67108864;0.72;0.84;0.98;TRUE;100.35;0.12;49.17;207.50;41.20;93.76;304.95;94.56;142.93;;;;;;;2606
10;USED;610.99;134217728;0.70;0.77;0.86;TRUE;195.26;0.12;96.69;414.94;82.33;187.43;606.70;188.87;284.12;;;;;;;2606
20;USED;22.81;2239815;1.08;2.90;7.06;TRUE;12.28;0.12;5.60;9.24;1.75;5.36;18.54;4.71;10.97;;;;;;;1964
20;USED;34.84;4293938;0.90;1.86;4.06;TRUE;15.41;0.12;8.03;17.66;3.27;10.21;30.01;8.87;18.25;;;;;;;1964
20;USED;62.83;8869498;0.79;1.24;2.24;TRUE;24.59;0.12;14.12;36.43;6.64;21.02;57.94;18.11;35.14;;;;;;;1964
20;USED;107.05;15890720;0.75;1.01;1.70;TRUE;36.80;0.11;23.25;65.23;11.84;37.60;102.01;32.31;60.86;;;;;;;1964
20;USED;208.46;32095088;0.72;0.85;1.06;TRUE;73.09;0.11;45.02;131.86;23.77;75.87;204.78;65.05;120.90;;;;;;;1964
20;USED;419.77;67108864;0.71;0.77;0.91;TRUE;142.76;0.12;90.52;275.37;49.63;158.56;415.85;135.82;249.09;;;;;;;1964
20;USED;830.30;134217728;0.70;0.73;0.80;TRUE;276.81;0.11;178.17;550.64;99.17;317.03;827.38;271.45;495.21;;;;;;;1964
35;USED;122.68;2239815;0.76;1.07;1.91;TRUE;21.59;0.13;9.19;115.74;12.07;28.55;115.90;12.21;37.75;;;;;;;156
35;USED;228.60;4293938;0.73;0.88;1.35;TRUE;30.61;0.12;12.07;221.81;23.10;54.68;221.97;23.22;66.75;;;;;;;156
35;USED;461.53;8869498;0.71;0.83;1.42;TRUE;55.40;0.13;25.05;458.10;47.65;112.93;458.26;47.79;137.98;;;;;;;156
35;USED;824.80;15890720;0.72;0.78;0.96;TRUE;94.65;0.13;42.30;820.80;85.33;202.29;820.96;85.47;244.59;;;;;;;156
35;USED;1666.18;32095088;0.70;0.75;1.08;TRUE;177.39;0.12;84.64;1658.18;172.30;408.50;1658.34;172.43;493.14;;;;;;;156
35;USED;3470.98;67108864;0.70;0.74;1.21;TRUE;369.20;0.12;177.23;3467.05;360.22;854.05;3467.21;360.35;1031.28;;;;;;;156
35;USED;6944.11;134217728;0.70;0.72;0.86;FALSE;728.82;0.13;350.14;6933.64;720.41;1707.86;6933.81;720.54;2058.01;;;;;;;156
50;USED;44.87;2239815;0.90;1.45;8.15;TRUE;33.58;0.12;7.56;32.93;1.54;18.81;40.56;22.92;26.38;;;;;;;549
50;USED;70.58;4293938;0.80;1.11;5.41;TRUE;55.04;0.12;13.29;63.07;2.85;36.00;65.34;44.52;49.30;;;;;;;549
50;USED;136.24;8869498;0.75;0.89;3.13;TRUE;106.43;0.12;27.36;130.25;5.80;74.30;130.39;91.78;101.66;;;;;;;549
50;USED;246.27;15890720;0.73;0.91;5.78;TRUE;170.23;0.12;46.06;233.38;10.33;133.12;233.52;164.29;179.18;;;;;;;549
50;USED;474.70;32095088;0.71;0.76;1.16;TRUE;337.01;0.12;92.95;471.29;20.79;268.71;471.44;331.65;361.66;;;;;;;549
50;USED;994.97;67108864;0.70;0.72;0.98;TRUE;705.39;0.12;196.30;985.28;43.40;561.76;985.42;693.28;758.07;;;;;;;549
50;USED;1980.03;134217728;0.70;0.81;5.87;TRUE;1395.31;0.12;388.96;1970.33;86.66;1123.88;1970.48;1386.39;1512.84;;;;;;;549
10;NOT USED;11.08;2239815;0.70;1.14;5.87;TRUE;0.16;0.13;0.14;7.02;6.31;6.40;7.16;6.45;6.54;;;;;;;2606
10;NOT USED;17.90;4293938;0.70;0.98;5.87;TRUE;0.16;0.13;0.14;13.36;12.03;12.18;13.50;12.17;12.32;;;;;;;2606
10;NOT USED;30.40;8869498;0.70;0.90;5.87;TRUE;0.17;0.13;0.14;27.50;24.76;25.06;27.64;24.90;25.20;;;;;;;2606
10;NOT USED;53.35;15890720;0.70;0.86;5.87;TRUE;0.16;0.13;0.14;49.21;44.30;44.81;49.35;44.43;44.95;;;;;;;2606
10;NOT USED;101.94;32095088;0.70;0.83;5.87;TRUE;0.16;0.13;0.14;99.32;89.39;90.40;99.46;89.52;90.55;;;;;;;2606
10;NOT USED;211.10;67108864;0.70;0.82;5.87;TRUE;0.16;0.13;0.14;207.54;186.82;188.91;207.68;186.96;189.06;;;;;;;2606
10;NOT USED;418.85;134217728;0.70;0.81;5.87;TRUE;0.16;0.13;0.14;414.99;373.56;377.73;415.13;373.70;377.88;;;;;;;2606
20;NOT USED;20.05;2239815;0.70;0.93;2.72;TRUE;0.16;0.12;0.14;13.19;12.98;13.00;13.35;13.10;13.14;;;;;;;1395
20;NOT USED;32.09;4293938;0.70;0.83;2.43;TRUE;0.16;0.12;0.14;25.22;24.84;24.87;25.38;24.96;25.01;;;;;;;1395
20;NOT USED;58.30;8869498;0.70;0.79;2.27;TRUE;0.16;0.11;0.13;52.02;51.26;51.32;52.17;51.38;51.46;;;;;;;1395
20;NOT USED;98.91;15890720;0.70;0.73;0.85;TRUE;0.15;0.12;0.14;91.90;91.81;91.83;92.06;91.93;91.97;;;;;;;1395
20;NOT USED;192.32;32095088;0.70;0.75;2.23;TRUE;0.16;0.12;0.14;188.16;185.38;185.55;188.32;185.51;185.69;;;;;;;1395
20;NOT USED;397.16;67108864;0.70;0.74;2.14;TRUE;0.16;0.11;0.14;393.11;387.58;387.88;393.27;387.70;388.02;;;;;;;1395
20;NOT USED;792.27;134217728;0.70;0.73;2.14;TRUE;0.16;0.12;0.14;786.22;775.13;775.72;786.37;775.25;775.86;;;;;;;1395
35;NOT USED;122.10;2239815;0.70;0.89;1.08;TRUE;0.16;0.13;0.14;115.74;24.11;26.74;115.90;24.24;26.89;;;;;;;156
35;NOT USED;227.48;4293938;0.70;0.80;0.89;TRUE;0.18;0.13;0.14;221.82;46.17;51.20;221.97;46.30;51.35;;;;;;;156
35;NOT USED;462.75;8869498;0.70;0.75;0.79;TRUE;0.16;0.13;0.14;458.10;95.32;105.70;458.26;95.45;105.84;;;;;;;156
35;NOT USED;832.08;15890720;0.70;0.72;0.79;TRUE;0.17;0.12;0.14;820.80;170.73;189.32;820.95;170.86;189.47;;;;;;;156
35;NOT USED;1668.60;32095088;0.70;0.71;0.79;TRUE;0.16;0.13;0.14;1658.18;344.79;382.33;1658.34;344.92;382.48;;;;;;;156
35;NOT USED;3475.86;67108864;0.70;0.70;0.79;TRUE;0.16;0.12;0.14;3466.99;720.88;799.37;3467.15;721.01;799.51;;;;;;;156
35;NOT USED;6940.98;134217728;0.70;0.70;0.79;FALSE;0.16;0.12;0.14;6933.62;1441.71;1598.65;6933.78;1441.84;1598.80;;;;;;;156
50;NOT USED;47.32;2239815;0.85;0.90;0.97;TRUE;0.16;0.12;0.14;32.95;32.91;32.93;33.11;33.04;33.08;;;;;;;549
50;NOT USED;77.05;4293938;0.78;0.80;0.84;TRUE;0.16;0.12;0.14;63.09;63.06;63.07;63.26;63.19;63.22;;;;;;;549
50;NOT USED;144.60;8869498;0.74;0.76;0.81;TRUE;0.16;0.12;0.14;130.29;130.20;130.23;130.44;130.33;130.38;;;;;;;549
50;NOT USED;247.61;15890720;0.73;0.75;0.82;TRUE;0.17;0.12;0.14;233.46;233.25;233.33;233.62;233.41;233.47;;;;;;;549
50;NOT USED;485.49;32095088;0.71;0.75;0.77;TRUE;0.16;0.12;0.14;471.33;471.03;471.22;471.48;471.18;471.36;;;;;;;549
50;NOT USED;999.13;67108864;0.70;0.74;0.76;TRUE;0.16;0.12;0.14;985.36;984.81;985.19;985.50;984.97;985.34;;;;;;;549
50;NOT USED;1985.11;134217728;0.70;0.73;0.76;TRUE;0.16;0.12;0.14;1970.75;1969.53;1970.21;1970.90;1969.66;1970.36;;;;;;;549
10;USED;16.12;2239815;1.36;5.53;13.28;TRUE;9.23;0.13;3.48;6.96;1.46;3.24;13.16;3.39;6.72;;;;;;;2606
10;USED;26.40;4293938;1.02;3.18;5.85;TRUE;9.33;0.13;4.69;13.31;2.74;6.10;22.55;6.28;10.80;;;;;;;2606
10;USED;46.95;8869498;0.85;1.85;3.20;TRUE;18.33;0.12;8.04;27.45;5.52;12.49;42.78;12.71;20.54;;;;;;;2606
10;USED;79.83;15890720;0.78;1.37;2.13;TRUE;27.73;0.12;13.23;49.16;9.86;22.29;76.65;22.59;35.52;;;;;;;2606
10;USED;152.49;32095088;0.74;1.03;1.56;TRUE;49.18;0.12;24.49;99.25;19.74;44.91;148.04;45.35;69.41;;;;;;;2606
10;USED;307.61;67108864;0.72;0.87;1.14;TRUE;98.24;0.12;48.86;207.51;41.24;93.78;304.96;94.56;142.65;;;;;;;2606
10;USED;611.31;134217728;0.70;0.77;0.84;TRUE;194.52;0.12;96.38;414.95;82.34;187.42;606.70;188.87;283.81;;;;;;;2606
10;USED;611.31;134217728;0.70;0.77;0.84;TRUE;194.52;0.12;96.38;414.95;82.34;187.42;606.70;188.87;283.81;;;;;;;2606
20;USED;22.90;2239815;1.11;3.00;7.19;TRUE;9.30;0.12;5.30;9.24;1.75;5.37;18.53;4.72;10.67;;;;;;;1964
20;USED;34.35;4293938;0.90;1.84;3.43;TRUE;15.23;0.11;7.43;17.66;3.25;10.21;30.01;8.86;17.64;;;;;;;1964
20;USED;64.27;8869498;0.79;1.23;1.98;TRUE;24.42;0.11;13.82;36.44;6.63;21.02;60.84;18.11;34.84;;;;;;;1964
20;USED;108.40;15890720;0.75;0.99;1.41;TRUE;39.83;0.12;24.17;65.23;11.81;37.60;105.06;32.31;61.77;;;;;;;1964
20;USED;205.53;32095088;0.72;0.85;1.06;TRUE;70.47;0.11;44.86;131.86;23.77;75.88;202.24;65.05;120.74;;;;;;;1964
20;USED;418.70;67108864;0.71;0.77;0.87;TRUE;143.76;0.11;90.68;275.38;49.62;158.56;415.31;135.82;249.24;;;;;;;1964
20;USED;832.81;134217728;0.70;0.73;0.80;TRUE;279.69;0.11;179.38;550.65;99.17;317.04;830.25;271.48;496.43;;;;;;;1964
35;USED;121.72;2239815;0.76;1.04;1.60;TRUE;18.52;0.13;8.06;115.74;12.07;28.55;115.90;12.21;36.61;;;;;;;156
35;USED;229.11;4293938;0.73;0.87;1.18;TRUE;33.91;0.12;14.33;221.82;23.10;54.68;221.97;23.23;69.01;;;;;;;156
35;USED;468.21;8869498;0.71;0.80;1.01;TRUE;57.92;0.12;25.48;458.10;47.66;112.91;458.27;47.79;138.40;;;;;;;156
35;USED;825.51;15890720;0.72;0.78;0.98;TRUE;91.63;0.12;42.56;820.80;85.34;202.30;820.96;85.47;244.86;;;;;;;156
35;USED;1661.56;32095088;0.70;0.75;0.89;TRUE;180.41;0.12;86.30;1658.18;172.31;408.49;1658.34;172.44;494.79;;;;;;;156
35;USED;3473.48;67108864;0.70;0.73;0.86;TRUE;371.18;0.13;177.41;3467.05;360.22;854.00;3467.20;360.36;1031.41;;;;;;;156
35;USED;6942.70;134217728;0.70;0.72;0.93;FALSE;730.08;0.12;350.23;6933.64;720.40;1707.89;6933.80;720.53;2058.13;;;;;;;156
50;USED;46.71;2239815;0.90;1.41;7.60;TRUE;36.73;0.12;8.48;32.93;1.52;18.81;43.72;23.31;27.29;;;;;;;549
50;USED;76.96;4293938;0.80;1.29;10.82;TRUE;55.04;0.12;14.08;63.07;2.85;36.03;68.38;44.53;50.12;;;;;;;549
50;USED;139.73;8869498;0.75;0.88;2.28;TRUE;94.20;0.12;24.98;130.25;5.80;74.30;130.39;91.04;99.29;;;;;;;549
50;USED;240.77;15890720;0.73;0.82;1.54;TRUE;173.26;0.12;47.21;233.39;10.33;133.08;233.53;164.29;180.30;;;;;;;549
50;USED;484.71;32095088;0.71;0.85;6.08;TRUE;338.83;0.12;92.94;471.29;20.78;268.80;471.43;331.65;361.75;;;;;;;549
50;USED;990.19;67108864;0.70;0.75;2.34;TRUE;704.14;0.12;195.55;985.28;43.38;561.82;985.42;693.28;757.37;;;;;;;549
50;USED;1982.94;134217728;0.70;0.71;0.87;TRUE;1395.07;0.12;388.85;1970.31;86.67;1123.45;1970.45;1386.38;1512.31;;;;;;;549
10;NOT USED;10.84;2239815;0.70;1.04;3.03;TRUE;0.16;0.13;0.14;7.02;6.31;6.40;7.16;6.45;6.55;;;;;;;2606
10;NOT USED;17.27;4293938;0.70;0.88;1.91;TRUE;0.18;0.13;0.14;13.36;12.03;12.18;13.50;12.17;12.32;;;;;;;2606
10;NOT USED;30.07;8869498;0.70;0.79;1.32;TRUE;0.16;0.13;0.14;27.52;24.76;25.06;27.66;24.90;25.21;;;;;;;2606
10;NOT USED;53.10;15890720;0.70;0.75;1.04;TRUE;0.16;0.13;0.14;49.21;44.30;44.81;49.35;44.43;44.95;;;;;;;2606
10;NOT USED;104.03;32095088;0.70;0.73;0.87;TRUE;0.15;0.13;0.14;99.30;89.39;90.40;99.44;89.52;90.54;;;;;;;2606
10;NOT USED;211.03;67108864;0.70;0.72;0.87;TRUE;0.16;0.13;0.14;207.54;186.83;188.92;207.68;186.96;189.06;;;;;;;2606
10;NOT USED;417.51;134217728;0.70;0.71;0.87;TRUE;0.16;0.13;0.14;415.04;373.57;377.74;415.17;373.71;377.88;;;;;;;2606
20;NOT USED;19.96;2239815;0.70;0.93;2.81;TRUE;0.15;0.12;0.14;13.20;12.98;13.00;13.36;13.10;13.14;;;;;;;1395
20;NOT USED;32.00;4293938;0.70;0.85;3.15;TRUE;0.16;0.11;0.13;25.40;24.84;24.88;25.55;24.95;25.02;;;;;;;1395
20;NOT USED;58.12;8869498;0.70;0.78;2.27;TRUE;0.16;0.11;0.14;52.02;51.26;51.32;52.18;51.38;51.46;;;;;;;1395
20;NOT USED;99.17;15890720;0.70;0.76;2.20;TRUE;0.16;0.12;0.14;93.13;91.82;91.90;93.29;91.94;92.04;;;;;;;1395
20;NOT USED;196.27;32095088;0.70;0.76;3.05;TRUE;0.15;0.12;0.13;189.67;185.38;185.62;189.83;185.51;185.76;;;;;;;1395
20;NOT USED;399.27;67108864;0.70;0.74;2.14;TRUE;0.16;0.12;0.14;393.10;387.58;387.88;393.26;387.71;388.02;;;;;;;1395
20;NOT USED;791.67;134217728;0.70;0.74;2.27;TRUE;1.17;0.12;0.19;787.19;775.13;775.78;787.36;775.25;775.97;;;;;;;1395
35;NOT USED;122.27;2239815;0.70;0.89;1.13;TRUE;0.17;0.12;0.14;115.74;24.11;26.74;115.90;24.24;26.89;;;;;;;156
35;NOT USED;225.92;4293938;0.70;0.80;0.92;TRUE;0.16;0.13;0.14;221.82;46.17;51.20;221.98;46.31;51.35;;;;;;;156
35;NOT USED;463.74;8869498;0.70;0.75;0.87;TRUE;0.19;0.12;0.14;458.10;95.32;105.70;458.27;95.45;105.84;;;;;;;156
35;NOT USED;825.40;15890720;0.70;0.72;0.87;TRUE;0.16;0.13;0.14;820.80;170.74;189.32;820.96;170.87;189.47;;;;;;;156
35;NOT USED;1668.45;32095088;0.70;0.71;0.87;TRUE;0.16;0.13;0.14;1658.18;344.79;382.33;1658.34;344.92;382.48;;;;;;;156
35;NOT USED;3476.23;67108864;0.70;0.70;0.87;TRUE;0.16;0.12;0.14;3467.05;720.88;799.36;3467.21;721.01;799.51;;;;;;;156
35;NOT USED;6937.56;134217728;0.70;0.70;0.87;FALSE;0.16;0.12;0.14;6933.64;1441.71;1598.65;6933.80;1441.84;1598.79;;;;;;;156
50;NOT USED;47.36;2239815;0.85;0.90;0.97;TRUE;0.16;0.12;0.14;32.95;32.91;32.93;33.11;33.04;33.08;;;;;;;549
50;NOT USED;77.38;4293938;0.77;0.80;0.83;TRUE;0.17;0.12;0.14;63.09;63.05;63.07;63.26;63.18;63.22;;;;;;;549
50;NOT USED;144.12;8869498;0.74;0.76;0.80;TRUE;0.17;0.12;0.14;130.29;130.21;130.24;130.46;130.35;130.38;;;;;;;549
50;NOT USED;247.60;15890720;0.72;0.76;0.81;TRUE;0.17;0.12;0.14;233.43;233.24;233.33;233.59;233.37;233.48;;;;;;;549
50;NOT USED;485.32;32095088;0.71;0.75;0.78;TRUE;0.16;0.12;0.14;471.33;471.03;471.22;471.49;471.19;471.37;;;;;;;549
50;NOT USED;999.64;67108864;0.70;0.73;0.76;TRUE;0.17;0.12;0.14;985.40;984.79;985.17;985.56;984.92;985.31;;;;;;;549
50;NOT USED;1984.54;134217728;0.70;0.73;0.75;TRUE;0.17;0.12;0.14;1970.65;1969.55;1970.23;1970.81;1969.70;1970.38;;;;;;;549
20;USED;22.28;2239815;1.09;2.94;6.58;TRUE;12.36;0.12;6.05;9.24;1.74;5.37;18.53;4.72;11.43;;;;;;;1964
20;USED;35.68;4293938;0.92;1.84;4.03;TRUE;15.34;0.12;7.88;17.66;3.27;10.21;30.01;8.87;18.10;;;;;;;1964
20;USED;64.27;8869498;0.79;1.23;2.01;TRUE;24.54;0.12;13.97;36.43;6.63;21.02;60.97;18.11;34.99;;;;;;;1964
20;USED;106.13;15890720;0.75;1.00;1.45;TRUE;39.64;0.12;23.86;65.23;11.81;37.60;102.02;32.30;61.47;;;;;;;1964
20;USED;204.55;32095088;0.72;0.85;1.14;TRUE;70.37;0.11;43.95;131.70;23.79;75.87;202.07;65.05;119.82;;;;;;;1964
20;USED;421.79;67108864;0.71;0.77;0.90;TRUE;143.67;0.12;90.07;275.40;49.63;158.56;418.98;135.82;248.63;;;;;;;1964
20;USED;831.96;134217728;0.70;0.73;0.82;TRUE;278.60;0.12;179.85;550.76;99.15;317.05;828.81;271.48;496.90;;;;;;;1964
50;USED;48.16;2239815;0.89;1.43;7.46;TRUE;36.74;0.12;8.48;32.93;1.53;18.81;43.73;23.31;27.29;;;;;;;549
50;USED;74.87;4293938;0.80;1.07;4.32;TRUE;58.11;0.12;15.54;63.07;2.85;36.00;71.45;44.52;51.55;;;;;;;549
50;USED;142.89;8869498;0.75;0.89;2.42;TRUE;100.34;0.12;26.16;130.25;5.81;74.30;130.40;91.78;100.46;;;;;;;549
50;USED;242.29;15890720;0.73;0.81;1.89;TRUE;177.25;0.12;48.86;233.39;10.32;133.07;233.53;164.29;181.93;;;;;;;549
50;USED;481.87;32095088;0.71;0.75;1.13;TRUE;342.12;0.12;94.04;471.29;20.78;268.70;471.45;331.65;362.74;;;;;;;549
50;USED;997.15;67108864;0.70;0.73;1.20;TRUE;705.53;0.12;196.23;985.30;43.40;561.77;985.44;693.28;758.01;;;;;;;549
50;USED;1978.94;134217728;0.70;0.71;0.90;TRUE;1398.17;0.12;389.42;1970.33;86.70;1123.45;1970.47;1386.39;1512.88;;;;;;;549
20;NOT USED;20.10;2239815;0.70;0.94;2.76;TRUE;0.16;0.11;0.13;13.19;12.97;13.00;13.35;13.09;13.14;;;;;;;1395
20;NOT USED;31.80;4293938;0.70;0.83;2.47;TRUE;0.16;0.12;0.14;25.23;24.84;24.87;25.39;24.96;25.02;;;;;;;1395
20;NOT USED;58.32;8869498;0.70;0.79;2.65;TRUE;0.15;0.12;0.14;52.21;51.26;51.33;52.37;51.38;51.47;;;;;;;1395
20;NOT USED;98.79;15890720;0.70;0.76;2.20;TRUE;0.16;0.11;0.14;93.13;91.81;91.89;93.29;91.92;92.03;;;;;;;1395
20;NOT USED;192.71;32095088;0.70;0.75;2.40;TRUE;0.16;0.12;0.14;188.48;185.39;185.57;188.64;185.51;185.71;;;;;;;1395
20;NOT USED;397.73;67108864;0.70;0.74;2.46;TRUE;0.16;0.12;0.14;394.34;387.58;387.94;394.50;387.71;388.08;;;;;;;1395
20;NOT USED;791.52;134217728;0.70;0.74;2.25;TRUE;0.17;0.11;0.14;787.07;775.12;775.77;787.23;775.24;775.91;;;;;;;1395
50;NOT USED;47.45;2239815;0.85;0.90;0.97;TRUE;0.17;0.12;0.14;32.95;32.91;32.93;33.12;33.04;33.08;;;;;;;549
50;NOT USED;77.50;4293938;0.78;0.80;0.84;TRUE;0.16;0.12;0.14;63.09;63.06;63.07;63.26;63.19;63.22;;;;;;;549
50;NOT USED;144.26;8869498;0.74;0.76;0.80;TRUE;0.17;0.12;0.14;130.29;130.21;130.23;130.44;130.35;130.38;;;;;;;549
50;NOT USED;247.31;15890720;0.73;0.75;0.80;TRUE;0.16;0.13;0.14;233.42;233.25;233.32;233.58;233.39;233.47;;;;;;;549
50;NOT USED;484.84;32095088;0.71;0.75;0.78;TRUE;0.17;0.12;0.14;471.36;471.03;471.22;471.51;471.18;471.37;;;;;;;549
50;NOT USED;999.38;67108864;0.70;0.74;0.76;TRUE;0.16;0.12;0.14;985.40;984.81;985.19;985.55;984.97;985.33;;;;;;;549
50;NOT USED;1984.31;134217728;0.70;0.73;0.75;TRUE;1.19;0.12;0.16;1970.67;1969.55;1970.25;1970.83;1969.71;1970.41;;;;;;;549