Number of Peers;P2P Algorithm;Total Duration [s];Total Received Bytes;Minimum Transfer Time Error Rate [%];Average Transfer Time Error Rate [%];Maximum Transfer Time Error Rate [%];Same PDF File;Maximum Connection Time [s];Minimum Connection Time [s];Average Connection Time [s];Maximum Transfer Time [s];Minimum Transfer Time [s];Average Transfer Time [s];Maximum Total Time [s];Minimum Total Time [s];Average Total Time [s];Smallest Bandwidth [Kbps]
20;NOT USED;14.05;2239815;0.71;1.45;7.87;TRUE;0.17;0.12;0.14;7.16;6.74;6.80;7.28;6.86;6.94;2698
20;NOT USED;20.64;4293938;0.71;1.05;1.73;TRUE;0.17;0.12;0.14;12.95;12.87;12.91;13.12;12.99;13.05;2698
20;NOT USED;33.55;8869498;0.71;0.90;1.62;TRUE;0.16;0.11;0.14;26.61;26.53;26.57;26.77;26.65;26.71;2698
20;NOT USED;55.28;15890720;0.71;0.84;1.62;TRUE;0.16;0.12;0.13;47.58;47.49;47.53;47.74;47.62;47.67;2698
20;NOT USED;103.06;32095088;0.71;0.83;2.38;TRUE;0.16;0.12;0.14;97.43;95.88;96.00;97.56;96.01;96.14;2698
20;NOT USED;207.66;67108864;0.71;0.78;1.62;TRUE;0.16;0.11;0.14;200.93;200.43;200.49;201.05;200.56;200.63;2698
20;NOT USED;408.13;134217728;0.71;0.77;1.62;TRUE;0.16;0.11;0.13;400.92;400.81;400.85;401.06;400.93;400.99;2698
20;NOT USED;14.14;2239815;0.71;1.31;2.69;TRUE;0.16;0.12;0.14;6.82;6.73;6.77;6.98;6.86;6.91;2698
20;NOT USED;20.22;4293938;0.71;1.05;1.72;TRUE;0.18;0.12;0.14;12.95;12.87;12.91;13.11;12.99;13.05;2698
20;NOT USED;33.91;8869498;0.71;0.94;2.98;TRUE;0.16;0.12;0.14;27.08;26.53;26.60;27.20;26.65;26.74;2698
20;NOT USED;56.12;15890720;0.71;0.87;2.42;TRUE;0.17;0.12;0.14;48.26;47.50;47.57;48.40;47.62;47.71;2698
20;NOT USED;103.32;32095088;0.71;0.80;1.63;TRUE;0.16;0.12;0.14;95.96;95.88;95.92;96.11;96.01;96.06;2698
20;NOT USED;207.46;67108864;0.71;0.78;1.63;TRUE;0.16;0.12;0.14;200.51;200.42;200.47;200.67;200.54;200.61;2698
20;NOT USED;408.25;134217728;0.71;0.77;1.63;TRUE;0.17;0.12;0.13;400.94;400.80;400.85;401.09;400.92;400.99;2698
20;USED;15.34;2239815;3.46;12.95;51.38;TRUE;9.35;0.12;4.11;3.51;0.81;2.36;10.79;3.55;6.47;5396
20;USED;19.30;4293938;2.16;7.33;27.64;TRUE;12.43;0.12;5.04;6.59;1.32;4.38;14.95;6.62;9.42;5396
20;USED;27.91;8869498;1.39;3.82;12.72;TRUE;21.60;0.12;8.71;13.41;2.41;8.88;24.02;13.45;17.59;5396
20;USED;41.23;15890720;1.10;2.46;7.96;TRUE;27.73;0.12;12.84;23.89;4.15;15.79;34.41;23.94;28.63;5396
20;USED;74.80;32095088;0.88;1.57;4.27;TRUE;52.26;0.12;25.24;48.09;8.09;31.73;71.43;48.13;56.98;5396
20;USED;152.20;67108864;0.79;1.12;2.42;TRUE;107.68;0.12;52.49;100.35;16.62;66.17;147.97;100.40;118.67;5396
20;USED;289.03;134217728;0.74;0.90;1.55;TRUE;207.97;0.11;102.24;200.55;32.97;132.19;285.20;200.60;234.44;5396
20;USED;14.51;2239815;0.70;5.87;51.01;TRUE;9.35;0.11;3.04;3.51;0.81;2.36;10.80;3.55;5.41;5396
20;USED;18.87;4293938;0.70;3.27;27.07;TRUE;12.43;0.12;5.64;6.59;1.31;4.38;15.20;6.62;10.03;5396
20;USED;28.52;8869498;0.70;1.99;13.93;TRUE;18.58;0.12;8.71;13.41;2.44;8.88;24.13;13.45;17.59;5396
20;USED;43.47;15890720;0.70;1.42;7.96;TRUE;30.83;0.12;13.76;23.90;4.15;15.79;39.58;23.94;29.55;5396
20;USED;78.47;32095088;0.70;1.05;4.30;TRUE;55.45;0.12;25.85;48.08;8.09;31.73;74.82;48.13;57.59;5396
20;USED;150.97;67108864;0.70;0.86;2.31;TRUE;107.68;0.12;52.95;100.36;16.61;66.17;147.96;100.41;119.13;5396
20;USED;291.15;134217728;0.70;0.78;1.75;TRUE;206.06;0.11;101.95;200.54;33.03;132.20;286.41;200.59;234.15;5396
20;USED;29.17;8869498;1.23;16.04;110.90;TRUE;21.52;0.11;9.31;13.41;3.46;9.29;25.47;13.42;18.60;5396
20;NOT USED;14.27;2239815;1.43;2.40;7.83;TRUE;0.17;0.12;0.14;7.16;6.73;6.80;7.28;6.85;6.94;2698
20;NOT USED;20.06;4293938;1.09;1.41;1.75;TRUE;0.16;0.12;0.13;12.95;12.87;12.91;13.11;13.00;13.05;2698
20;NOT USED;33.79;8869498;0.92;1.43;7.20;TRUE;0.16;0.12;0.14;28.19;26.54;26.67;28.31;26.67;26.81;2698
20;NOT USED;55.77;15890720;0.79;0.88;0.97;TRUE;0.15;0.11;0.13;47.57;47.49;47.53;47.73;47.61;47.67;2698
20;NOT USED;104.55;32095088;0.74;0.79;0.83;TRUE;0.16;0.12;0.14;95.96;95.88;95.92;96.12;96.00;96.06;2698
20;NOT USED;208.82;67108864;0.72;0.82;2.36;TRUE;0.15;0.12;0.13;203.68;200.43;200.63;203.81;200.56;200.77;2698
20;NOT USED;408.19;134217728;0.71;0.72;0.74;TRUE;0.16;0.12;0.13;400.94;400.81;400.85;401.09;400.93;400.99;2698
20;NOT USED;13.80;2239815;0.71;1.31;2.78;TRUE;0.15;0.12;0.13;6.82;6.73;6.77;6.98;6.85;6.91;2698
20;NOT USED;20.40;4293938;0.71;1.05;1.72;TRUE;0.16;0.12;0.14;12.95;12.87;12.91;13.11;13.00;13.05;2698
20;NOT USED;34.05;8869498;0.71;0.90;1.63;TRUE;0.16;0.11;0.13;26.61;26.53;26.57;26.77;26.65;26.71;2698
20;NOT USED;54.84;15890720;0.71;0.84;1.63;TRUE;0.16;0.12;0.14;47.58;47.49;47.53;47.74;47.61;47.67;2698
20;NOT USED;103.33;32095088;0.71;0.80;1.63;TRUE;0.16;0.11;0.13;96.00;95.89;95.92;96.15;96.01;96.06;2698
20;NOT USED;207.52;67108864;0.71;0.78;1.63;TRUE;0.17;0.12;0.13;200.51;200.43;200.47;200.68;200.55;200.61;2698
20;NOT USED;408.29;134217728;0.71;0.77;1.63;TRUE;0.16;0.12;0.14;400.90;400.80;400.85;401.04;400.92;400.99;2698
20;USED;15.78;2239815;3.43;13.38;52.49;TRUE;9.35;0.12;2.89;3.51;0.82;2.36;10.17;3.56;5.26;5396
20;USED;20.28;4293938;2.13;7.18;25.33;TRUE;12.43;0.12;5.03;6.59;1.30;4.38;15.21;6.62;9.42;5396
20;USED;29.67;8869498;1.39;3.99;13.65;TRUE;21.57;0.11;9.16;13.43;2.43;8.89;26.50;13.45;18.06;5396
20;USED;42.00;15890720;1.07;2.49;8.01;TRUE;30.80;0.12;13.45;23.91;4.15;15.79;37.48;23.93;29.25;5396
20;USED;76.04;32095088;0.89;1.56;4.23;TRUE;55.34;0.11;26.31;48.08;8.09;31.73;71.76;48.12;58.04;5396
20;USED;152.27;67108864;0.78;1.12;2.38;TRUE;107.68;0.12;52.64;100.35;16.62;66.18;148.02;100.41;118.83;5396
20;USED;289.42;134217728;0.74;0.91;1.55;TRUE;206.00;0.12;102.24;200.62;32.97;132.20;286.42;200.59;234.45;5396
20;USED;14.59;2239815;3.49;13.58;52.31;TRUE;9.33;0.12;3.04;3.52;0.82;2.36;10.16;3.56;5.41;5396
20;USED;18.83;4293938;2.13;7.43;27.45;TRUE;12.43;0.11;5.34;6.58;1.32;4.38;15.21;6.62;9.73;5396
20;USED;26.04;8869498;1.39;3.88;12.91;TRUE;18.50;0.11;8.09;13.42;2.42;8.88;23.43;13.45;16.98;5396
20;USED;42.35;15890720;1.08;2.52;7.93;TRUE;27.79;0.12;13.45;23.89;4.14;15.79;37.48;23.94;29.25;5396
20;USED;77.35;32095088;0.89;1.58;4.32;TRUE;55.01;0.11;26.00;48.08;8.10;31.73;71.77;48.12;57.74;5396
20;USED;150.58;67108864;0.79;1.13;2.42;TRUE;107.16;0.12;51.72;100.35;16.62;66.18;147.39;100.40;117.91;5396
20;USED;290.80;134217728;0.74;0.91;1.55;TRUE;205.89;0.12;101.94;200.59;32.97;132.20;286.23;200.60;234.14;5396
20;USED;12.74;2239815;3.40;13.59;52.31;TRUE;6.28;0.11;2.43;3.51;0.82;2.36;7.82;3.55;4.79;5396
20;USED;18.74;4293938;2.19;7.26;27.64;TRUE;12.44;0.12;5.03;6.58;1.32;4.38;15.21;6.62;9.42;5396
20;USED;27.83;8869498;1.40;3.83;12.82;TRUE;18.58;0.12;8.40;13.41;2.42;8.88;24.09;13.45;17.28;5396
20;USED;42.81;15890720;1.08;2.48;8.01;TRUE;30.76;0.12;13.91;23.89;4.15;15.79;40.35;23.93;29.70;5396
20;USED;77.62;32095088;0.88;1.59;4.31;TRUE;55.45;0.11;25.70;48.08;8.09;31.74;74.82;48.12;57.44;5396
20;USED;148.82;67108864;0.79;1.12;2.42;TRUE;107.08;0.11;51.57;100.36;16.62;66.18;144.89;100.40;117.75;5396
20;USED;291.40;134217728;0.75;0.91;1.56;TRUE;208.39;0.11;103.16;200.54;32.97;132.20;288.36;200.60;235.37;5396
20;NOT USED;14.00;2239815;0.71;1.31;2.65;TRUE;0.17;0.11;0.14;6.81;6.73;6.77;6.98;6.85;6.91;2698
20;NOT USED;19.98;4293938;0.71;1.05;1.72;TRUE;0.16;0.12;0.13;12.95;12.87;12.91;13.11;12.99;13.05;2698
20;NOT USED;33.44;8869498;0.71;0.90;1.63;TRUE;0.15;0.11;0.13;26.61;26.53;26.57;26.77;26.64;26.71;2698
20;NOT USED;54.56;15890720;0.71;0.96;7.16;TRUE;0.16;0.11;0.14;50.49;47.49;47.68;50.62;47.61;47.82;2698
20;NOT USED;103.11;32095088;0.71;0.80;1.63;TRUE;0.17;0.11;0.14;95.96;95.88;95.92;96.13;96.00;96.06;2698
20;NOT USED;209.31;67108864;0.71;0.81;2.35;TRUE;0.16;0.11;0.13;203.67;200.43;200.63;203.79;200.55;200.77;2698
20;NOT USED;431.39;134217728;0.71;0.90;7.09;TRUE;0.15;0.12;0.13;426.22;400.80;402.12;426.34;400.93;402.26;2698
20;USED;15.44;2239815;3.55;13.30;52.49;TRUE;9.33;0.11;3.50;3.51;0.82;2.36;10.70;3.55;5.87;5396
20;USED;19.40;4293938;2.16;7.40;27.74;TRUE;12.43;0.11;5.34;6.58;1.32;4.38;15.21;6.62;9.73;5396
20;USED;29.60;8869498;1.41;3.93;13.70;TRUE;21.54;0.12;8.86;13.41;2.43;8.88;27.00;13.45;17.75;5396
20;USED;44.10;15890720;1.09;2.49;7.88;TRUE;30.76;0.11;14.52;23.89;4.14;15.79;40.37;23.93;30.32;5396
20;USED;77.13;32095088;0.89;1.58;4.31;TRUE;55.26;0.11;26.46;48.08;8.09;31.73;72.65;48.12;58.20;5396
20;USED;151.65;67108864;0.78;1.11;2.41;TRUE;107.69;0.11;53.25;100.37;16.62;66.17;147.97;100.40;119.43;5396
20;USED;291.25;134217728;0.74;0.90;1.54;TRUE;206.01;0.12;101.79;200.54;32.97;132.19;286.37;200.59;233.98;5396
20;NOT USED;13.76;2239815;0.71;1.34;3.07;TRUE;0.16;0.11;0.13;6.84;6.74;6.78;6.98;6.86;6.92;2698
20;NOT USED;19.81;4293938;0.71;1.10;3.59;TRUE;0.15;0.12;0.13;13.19;12.88;12.92;13.31;13.00;13.06;2698
20;NOT USED;33.60;8869498;0.71;0.93;2.66;TRUE;0.16;0.12;0.14;27.00;26.54;26.59;27.12;26.66;26.73;2698
20;NOT USED;54.73;15890720;0.71;0.84;1.63;TRUE;0.15;0.12;0.13;47.57;47.50;47.53;47.73;47.63;47.67;2698
20;NOT USED;102.95;32095088;0.71;0.80;1.63;TRUE;0.16;0.12;0.14;95.96;95.88;95.92;96.12;96.00;96.06;2698
20;NOT USED;208.22;67108864;0.71;0.78;1.63;TRUE;0.17;0.12;0.14;200.50;200.42;200.46;200.68;200.55;200.61;2698
20;NOT USED;408.05;134217728;0.71;0.77;1.63;TRUE;0.16;0.12;0.13;400.89;400.80;400.85;401.04;400.92;400.99;2698
20;NOT USED;13.90;2239815;0.71;1.43;7.52;TRUE;0.17;0.11;0.13;7.14;6.74;6.79;7.26;6.86;6.93;2698
20;NOT USED;20.08;4293938;0.71;1.08;2.66;TRUE;0.15;0.11;0.13;13.07;12.88;12.92;13.18;13.00;13.06;2698
20;NOT USED;33.87;8869498;0.71;0.90;1.63;TRUE;0.15;0.12;0.13;26.61;26.53;26.57;26.77;26.66;26.71;2698
20;NOT USED;54.53;15890720;0.71;0.84;1.63;TRUE;0.17;0.12;0.14;47.57;47.50;47.53;47.75;47.62;47.68;2698
20;NOT USED;103.14;32095088;0.71;0.83;2.37;TRUE;0.16;0.11;0.13;97.42;95.88;96.00;97.54;96.01;96.14;2698
20;NOT USED;208.02;67108864;0.71;0.78;1.63;TRUE;0.16;0.11;0.13;200.50;200.42;200.46;200.66;200.54;200.60;2698
20;NOT USED;429.30;134217728;0.71;0.93;7.10;TRUE;0.15;0.12;0.14;426.26;400.81;402.45;426.39;400.94;402.59;2698
20;USED;15.08;2239815;3.43;13.49;51.75;TRUE;9.37;0.12;4.27;3.51;0.82;2.36;10.91;3.55;6.63;5396
20;USED;19.13;4293938;2.12;7.29;27.93;TRUE;12.35;0.11;4.26;6.58;1.32;4.38;14.11;6.62;8.65;5396
20;USED;29.66;8869498;1.40;3.82;12.82;TRUE;21.57;0.11;8.70;13.41;2.42;8.88;26.51;13.45;17.59;5396
20;USED;44.42;15890720;1.09;2.51;7.98;TRUE;30.87;0.11;14.52;23.89;4.15;15.79;40.57;23.93;30.32;5396
20;USED;75.37;32095088;0.89;1.59;4.23;TRUE;52.37;0.11;25.70;48.08;8.09;31.73;71.75;48.12;57.43;5396
20;USED;150.42;67108864;0.79;1.12;2.42;TRUE;107.10;0.12;52.18;100.37;16.62;66.18;144.95;100.40;118.36;5396
20;USED;292.68;134217728;0.74;0.90;1.56;TRUE;208.96;0.11;102.55;200.55;32.97;132.19;289.30;200.59;234.75;5396
;;;;;;;;;;;;;;;;;
35;USED;20.46;2239815;2.08;8.20;39.13;TRUE;12.47;0.11;3.99;5.12;0.87;3.35;15.78;4.34;7.34;3620
35;USED;28.51;4293938;1.40;4.63;22.23;TRUE;18.52;0.11;7.58;9.71;1.55;6.29;23.73;9.73;13.88;3620
35;USED;45.80;8869498;1.03;2.64;10.25;TRUE;30.96;0.11;14.41;19.89;3.09;12.85;41.61;19.91;27.26;3620
35;USED;66.75;15890720;0.88;1.80;6.98;TRUE;43.17;0.11;24.04;35.51;5.39;22.92;63.40;35.54;46.96;3620
35;USED;126.05;32095088;0.79;1.24;3.82;TRUE;82.27;0.12;44.52;71.57;10.76;46.15;120.81;71.61;90.67;3620
35;USED;261.74;67108864;0.74;0.95;2.20;TRUE;159.50;0.11;91.80;149.48;22.36;96.34;257.22;149.52;188.14;3620
35;USED;508.35;134217728;0.72;0.82;1.33;TRUE;309.64;0.11;181.43;298.88;44.62;192.54;504.94;298.87;373.98;3620
35;NOT USED;23.66;2239815;0.72;1.24;3.34;TRUE;0.17;0.11;0.14;12.78;12.50;12.55;12.94;12.62;12.69;1448
35;NOT USED;35.06;4293938;0.72;1.03;2.49;TRUE;0.16;0.11;0.14;24.31;23.93;23.99;24.48;24.05;24.13;1448
35;NOT USED;61.15;8869498;0.72;0.95;3.00;TRUE;0.16;0.11;0.14;50.47;49.38;49.51;50.63;49.50;49.65;1448
35;NOT USED;99.49;15890720;0.72;0.89;2.27;TRUE;0.16;0.11;0.14;89.79;88.45;88.62;89.94;88.56;88.76;1448
35;NOT USED;192.04;32095088;0.72;0.88;2.93;TRUE;0.16;0.11;0.14;182.53;178.60;178.99;182.68;178.72;179.13;1448
35;NOT USED;388.05;67108864;0.71;0.85;2.32;TRUE;0.17;0.11;0.14;379.38;373.40;374.10;379.54;373.51;374.24;1448
35;NOT USED;766.38;134217728;0.70;0.81;2.34;TRUE;0.17;0.11;0.14;758.94;746.75;747.77;759.10;746.87;747.91;1448
35;NOT USED;23.29;2239815;0.72;1.25;3.41;TRUE;0.17;0.12;0.14;12.79;12.50;12.55;12.96;12.62;12.69;1448
35;NOT USED;34.49;4293938;0.72;1.05;2.83;TRUE;0.17;0.11;0.14;24.39;23.93;24.00;24.55;24.05;24.14;1448
35;NOT USED;60.23;8869498;0.72;0.95;3.01;TRUE;0.17;0.11;0.14;50.47;49.39;49.51;50.63;49.51;49.65;1448
35;NOT USED;99.04;15890720;0.72;0.89;2.42;TRUE;0.17;0.11;0.14;89.92;88.45;88.63;90.09;88.56;88.77;1448
35;NOT USED;191.87;32095088;0.72;0.87;2.42;TRUE;0.16;0.11;0.14;181.62;178.60;178.94;181.77;178.72;179.08;1448
35;NOT USED;387.21;67108864;0.71;0.85;2.20;TRUE;0.16;0.11;0.14;378.92;373.40;374.07;379.07;373.52;374.21;1448
35;NOT USED;771.53;134217728;0.70;0.85;2.72;TRUE;0.16;0.11;0.14;761.71;746.75;748.21;761.87;746.87;748.36;1448
35;USED;21.38;2239815;2.06;8.60;41.98;TRUE;15.45;0.11;5.56;5.12;0.91;3.35;18.10;1.26;8.92;3620
35;USED;29.38;4293938;1.38;4.68;22.30;TRUE;18.54;0.11;7.41;9.70;1.54;6.29;24.91;9.73;13.70;3620
35;USED;43.56;8869498;1.03;2.61;10.28;TRUE;30.60;0.11;13.88;19.88;3.07;12.85;38.32;19.91;26.74;3620
35;USED;68.03;15890720;0.88;1.77;6.17;TRUE;43.18;0.11;22.55;35.50;5.40;22.92;63.40;35.54;45.47;3620
35;USED;128.59;32095088;0.79;1.21;3.38;TRUE;80.05;0.11;45.40;71.56;10.78;46.14;123.88;71.60;91.55;3620
35;USED;257.66;67108864;0.74;0.95;2.20;TRUE;161.41;0.11;92.06;149.49;22.36;96.34;251.07;149.52;188.40;3620
35;USED;507.87;134217728;0.72;0.82;1.36;TRUE;307.76;0.11;180.73;298.87;44.65;192.54;503.09;298.87;373.27;3620
35;NOT USED;24.51;2239815;1.05;1.39;2.78;TRUE;0.16;0.11;0.14;12.71;12.50;12.54;12.87;12.62;12.68;1448
35;NOT USED;35.00;4293938;0.88;1.14;2.63;TRUE;0.17;0.11;0.14;24.34;23.93;23.99;24.50;24.05;24.14;1448
35;NOT USED;61.25;8869498;0.78;1.00;2.43;TRUE;0.17;0.11;0.14;50.19;49.38;49.49;50.35;49.50;49.63;1448
35;NOT USED;100.22;15890720;0.74;0.90;2.25;TRUE;0.17;0.11;0.14;89.77;88.45;88.59;89.94;88.57;88.73;1448
35;NOT USED;190.43;32095088;0.72;0.93;2.22;TRUE;0.16;0.11;0.14;181.26;178.60;178.98;181.42;178.72;179.12;1448
35;NOT USED;389.37;67108864;0.71;0.90;2.36;TRUE;0.17;0.11;0.14;379.55;373.40;374.14;379.71;373.52;374.28;1448
35;NOT USED;765.82;134217728;0.70;0.86;2.20;TRUE;0.15;0.11;0.14;757.85;746.75;747.99;758.01;746.88;748.13;1448
35;USED;23.65;2239815;0.70;5.97;38.85;TRUE;15.55;0.11;4.51;5.13;0.88;3.35;18.37;4.04;7.86;3620
35;USED;30.89;4293938;0.70;3.52;23.79;TRUE;21.70;0.11;8.80;9.69;1.55;6.29;26.95;9.74;15.10;3620
35;USED;43.24;8869498;0.70;2.04;10.42;TRUE;27.88;0.11;14.23;19.88;3.07;12.85;38.52;19.92;27.09;3620
35;USED;72.78;15890720;0.70;1.45;6.56;TRUE;43.28;0.11;23.60;35.50;5.39;22.92;66.28;35.54;46.52;3620
35;USED;132.77;32095088;0.70;1.06;3.57;TRUE;83.32;0.11;45.75;71.57;10.77;46.14;126.96;71.62;91.90;3620
35;USED;260.24;67108864;0.70;0.87;1.97;TRUE;160.38;0.11;92.50;149.52;22.38;96.34;254.13;149.52;188.84;3620
35;USED;506.46;134217728;0.70;0.79;1.37;TRUE;309.47;0.11;182.22;298.89;44.60;192.55;503.09;298.86;374.77;3620
35;USED;22.30;2239815;2.06;8.28;42.11;TRUE;15.51;0.11;5.30;5.13;0.87;3.35;18.19;1.25;8.65;3620
35;USED;27.55;4293938;1.40;4.67;20.60;TRUE;18.59;0.11;8.37;9.69;1.57;6.29;22.19;9.73;14.66;3620
35;USED;42.56;8869498;1.04;2.58;10.90;TRUE;30.88;0.11;15.28;19.87;3.06;12.85;38.52;19.92;28.14;3620
35;USED;69.12;15890720;0.89;1.77;7.02;TRUE;43.03;0.11;22.55;35.51;5.40;22.92;66.27;35.55;45.47;3620
35;USED;129.13;32095088;0.79;1.22;3.37;TRUE;80.25;0.11;44.61;71.58;10.78;46.15;126.60;71.60;90.76;3620
35;USED;260.31;67108864;0.74;0.95;1.98;TRUE;159.49;0.11;91.98;149.53;22.37;96.34;257.21;149.52;188.32;3620
35;USED;504.11;134217728;0.72;0.82;1.36;TRUE;310.98;0.11;182.05;298.85;44.62;192.54;499.99;298.87;374.59;3620
35;NOT USED;23.55;2239815;0.72;1.20;2.78;TRUE;0.16;0.11;0.14;12.71;12.50;12.54;12.88;12.62;12.68;1448
35;NOT USED;35.36;4293938;0.72;1.02;2.48;TRUE;0.18;0.11;0.14;24.31;23.93;23.99;24.47;24.05;24.13;1448
35;NOT USED;61.21;8869498;0.72;0.96;3.60;TRUE;0.17;0.11;0.14;50.77;49.38;49.51;50.92;49.50;49.65;1448
35;NOT USED;99.58;15890720;0.72;0.90;2.43;TRUE;0.16;0.11;0.14;89.93;88.45;88.63;90.08;88.56;88.78;1448
35;NOT USED;193.66;32095088;0.72;0.89;2.87;TRUE;0.16;0.11;0.14;182.41;178.60;179.00;182.57;178.72;179.15;1448
35;NOT USED;390.09;67108864;0.71;0.85;2.35;TRUE;0.17;0.11;0.14;379.51;373.40;374.09;379.69;373.52;374.23;1448
35;NOT USED;766.01;134217728;0.70;0.84;2.23;TRUE;0.15;0.11;0.14;758.10;746.75;748.08;758.25;746.87;748.22;1448
35;USED;21.64;2239815;2.06;8.39;38.72;TRUE;15.55;0.11;5.56;5.14;0.89;3.35;16.57;5.16;8.92;3620
35;USED;27.55;4293938;1.39;4.68;22.30;TRUE;21.64;0.11;8.54;9.70;1.55;6.29;24.56;9.73;14.84;3620
35;USED;47.56;8869498;1.03;2.63;10.35;TRUE;30.77;0.11;15.63;19.89;3.08;12.85;43.80;19.91;28.49;3620
35;USED;73.76;15890720;0.88;1.79;7.04;TRUE;46.30;0.11;24.30;35.50;5.39;22.92;69.56;35.54;47.22;3620
35;USED;128.71;32095088;0.79;1.22;3.84;TRUE;83.10;0.11;45.66;71.60;10.76;46.15;123.89;71.60;91.81;3620
35;USED;259.18;67108864;0.74;1.20;9.27;TRUE;159.20;0.11;92.59;162.06;22.38;96.70;254.79;149.55;189.29;3620
35;USED;505.10;134217728;0.72;0.82;1.44;TRUE;309.56;0.11;182.22;298.88;44.63;192.54;501.92;298.86;374.77;3620
35;NOT USED;24.22;2239815;0.72;1.21;3.27;TRUE;0.16;0.11;0.14;12.77;12.50;12.54;12.93;12.62;12.69;1448
35;NOT USED;35.30;4293938;0.72;1.05;3.02;TRUE;0.16;0.11;0.14;24.44;23.93;24.00;24.60;24.05;24.14;1448
35;NOT USED;61.32;8869498;0.72;0.95;2.73;TRUE;0.16;0.11;0.14;50.34;49.38;49.50;50.49;49.50;49.64;1448
35;NOT USED;100.78;15890720;0.72;0.91;2.82;TRUE;0.16;0.11;0.14;90.27;88.45;88.65;90.42;88.56;88.79;1448
35;NOT USED;191.73;32095088;0.72;0.88;2.46;TRUE;0.16;0.11;0.14;181.68;178.60;178.96;181.84;178.72;179.11;1448
35;NOT USED;389.32;67108864;0.71;0.87;2.75;TRUE;0.16;0.11;0.14;380.99;373.40;374.17;381.15;373.51;374.31;1448
35;NOT USED;764.34;134217728;0.70;0.84;2.26;TRUE;0.16;0.11;0.14;758.35;746.75;748.10;758.51;746.87;748.25;1448
35;USED;19.20;2239815;2.08;8.35;45.24;TRUE;15.36;0.11;4.95;5.13;0.87;3.35;16.36;4.30;8.30;3620
35;USED;31.10;4293938;1.40;4.67;20.67;TRUE;21.59;0.11;8.72;9.70;1.56;6.29;27.96;9.73;15.02;3620
35;USED;41.69;8869498;1.03;2.66;10.38;TRUE;27.66;0.12;13.70;19.88;3.09;12.85;38.26;19.92;26.56;3620
35;USED;71.03;15890720;0.88;1.76;6.17;TRUE;46.24;0.11;24.21;35.51;5.40;22.92;66.48;35.54;47.13;3620
35;USED;127.37;32095088;0.79;1.23;3.37;TRUE;80.25;0.11;45.40;71.56;10.81;46.15;123.87;71.60;91.55;3620
35;USED;256.44;67108864;0.74;0.95;2.20;TRUE;160.09;0.11;91.88;149.48;22.36;96.34;251.73;149.52;188.23;3620
35;USED;504.80;134217728;0.72;0.82;1.44;TRUE;309.56;0.11;181.95;298.83;44.59;192.53;498.81;298.86;374.49;3620
35;NOT USED;23.46;2239815;0.72;1.17;2.77;TRUE;0.17;0.11;0.14;12.71;12.50;12.54;12.89;12.62;12.68;1448
35;NOT USED;35.12;4293938;0.72;1.05;2.72;TRUE;0.16;0.11;0.14;24.36;23.93;24.00;24.52;24.05;24.14;1448
35;NOT USED;60.99;8869498;0.72;0.93;2.36;TRUE;0.16;0.11;0.14;50.16;49.38;49.49;50.31;49.51;49.63;1448
35;NOT USED;99.87;15890720;0.72;0.89;2.29;TRUE;0.16;0.11;0.14;89.80;88.45;88.63;89.96;88.56;88.77;1448
35;NOT USED;191.88;32095088;0.72;0.88;2.36;TRUE;0.16;0.11;0.14;181.52;178.60;178.98;181.68;178.72;179.12;1448
35;NOT USED;390.33;67108864;0.71;0.84;2.19;TRUE;0.16;0.11;0.14;378.90;373.40;374.05;379.06;373.51;374.19;1448
35;NOT USED;767.72;134217728;0.70;0.81;2.20;TRUE;0.16;0.11;0.14;757.88;746.75;747.78;758.04;746.87;747.92;1448
35;NOT USED;23.04;2239815;0.72;1.21;2.94;TRUE;0.16;0.11;0.14;12.73;12.50;12.54;12.89;12.62;12.69;1448
35;NOT USED;35.30;4293938;0.72;1.06;4.16;TRUE;0.16;0.12;0.14;24.71;23.93;24.00;24.87;24.05;24.14;1448
35;NOT USED;61.56;8869498;0.72;0.93;2.32;TRUE;0.15;0.11;0.14;50.14;49.38;49.49;50.30;49.51;49.64;1448
35;NOT USED;99.17;15890720;0.72;0.92;3.00;TRUE;0.16;0.12;0.14;90.43;88.45;88.66;90.59;88.57;88.81;1448
35;NOT USED;189.94;32095088;0.72;0.86;2.21;TRUE;0.16;0.12;0.14;181.25;178.60;178.93;181.41;178.72;179.08;1448
35;NOT USED;389.19;67108864;0.71;0.86;2.35;TRUE;0.16;0.11;0.14;379.51;373.40;374.11;379.67;373.52;374.25;1448
35;NOT USED;766.55;134217728;0.70;0.83;2.18;TRUE;0.16;0.11;0.14;757.77;746.75;747.99;757.93;746.87;748.13;1448
35;USED;23.69;2239815;2.06;8.22;41.16;TRUE;15.46;0.11;5.74;5.12;0.87;3.35;18.84;5.16;9.09;3620
35;USED;30.67;4293938;1.40;4.74;21.52;TRUE;21.52;0.11;9.68;9.70;1.57;6.29;26.71;9.73;15.98;3620
35;USED;42.59;8869498;1.03;2.60;11.03;TRUE;30.90;0.12;13.53;19.89;3.07;12.85;37.82;19.92;26.39;3620
35;USED;72.59;15890720;0.88;1.77;7.04;TRUE;43.23;0.11;24.12;35.50;5.39;22.92;66.50;35.54;47.05;3620
35;USED;131.25;32095088;0.79;1.24;3.40;TRUE;83.05;0.11;45.57;71.56;10.81;46.15;126.62;71.60;91.72;3620
35;USED;255.89;67108864;0.74;0.95;2.19;TRUE;159.83;0.11;91.80;149.54;22.36;96.34;251.72;149.52;188.14;3620
35;USED;508.07;134217728;0.72;0.82;1.38;TRUE;309.62;0.11;182.31;298.82;44.59;192.53;504.92;298.86;374.84;3620
;;;;;;;;;;;;;;;;;
50;USED;22.71;2239815;16.08;105.13;351.21;TRUE;15.51;0.09;4.30;5.40;1.56;3.58;18.46;3.32;7.88;6222
50;USED;26.41;4293938;1.88;35.20;191.07;TRUE;18.65;0.09;5.98;7.82;2.64;4.73;21.74;3.55;10.71;6222
50;USED;39.13;8869498;1.26;26.18;86.86;TRUE;27.87;0.10;9.68;17.59;3.85;9.52;34.59;11.65;19.21;6222
50;USED;45.58;15890720;1.01;12.40;93.57;TRUE;31.09;0.08;14.36;20.74;8.34;15.05;42.35;20.73;29.42;6222
50;USED;76.33;32095088;0.85;6.39;24.00;TRUE;52.06;0.09;26.10;41.74;10.80;29.39;71.30;41.71;55.49;6222
50;NOT USED;18.54;2239815;1.35;3.40;13.59;TRUE;3.24;0.09;0.19;7.78;6.95;7.09;10.22;7.04;7.28;2613
50;NOT USED;24.28;4293938;1.11;2.48;7.88;TRUE;3.27;0.11;0.20;14.18;13.29;13.47;16.59;13.41;13.67;2613
50;NOT USED;38.04;8869498;0.92;1.69;4.79;TRUE;3.33;0.11;0.29;28.45;27.40;27.61;30.77;27.53;27.90;2613
50;NOT USED;59.93;15890720;0.82;1.12;1.93;TRUE;3.25;0.12;0.23;49.59;49.05;49.20;52.30;49.17;49.43;2613
50;NOT USED;118.34;32095088;0.75;1.14;11.98;TRUE;3.38;0.12;0.35;110.04;99.00;99.39;110.18;99.13;99.74;2613
50;USED;22.18;2239815;2.95;83.99;286.69;TRUE;15.55;0.08;4.53;5.95;0.86;3.24;17.62;3.05;7.78;6222
50;USED;29.90;4293938;1.86;56.92;400.00;TRUE;21.67;0.10;6.57;11.54;2.59;5.29;24.99;5.73;11.87;6222
50;USED;34.27;8869498;1.27;28.00;86.29;TRUE;21.68;0.09;8.87;18.47;4.44;9.52;28.95;11.65;18.39;6222
50;USED;45.99;15890720;1.01;12.10;38.41;TRUE;30.92;0.08;13.49;20.75;5.97;15.09;42.03;20.73;28.59;6222
50;USED;77.77;32095088;0.85;5.26;23.17;TRUE;52.40;0.09;26.24;41.75;10.51;29.20;72.47;41.73;55.44;6222
50;USED;21.97;2239815;2.95;87.67;433.27;TRUE;15.41;0.08;4.84;5.47;1.51;3.24;17.73;3.05;8.09;6222
50;USED;23.90;4293938;1.90;82.96;355.53;TRUE;15.57;0.09;6.07;9.57;2.81;5.79;20.87;5.72;11.86;6222
50;USED;34.83;8869498;1.24;29.34;121.64;TRUE;21.71;0.09;7.68;13.91;5.09;9.31;26.81;11.64;17.00;6222
50;USED;46.84;15890720;1.01;14.49;100.45;TRUE;30.76;0.09;14.00;20.74;5.95;15.29;41.88;20.73;29.30;6222
50;USED;77.42;32095088;0.86;7.20;31.11;TRUE;52.22;0.09;27.00;41.73;11.42;29.51;72.16;41.71;56.52;6222
50;USED;143.66;67108864;0.78;2.40;6.01;TRUE;98.81;0.09;52.54;87.15;19.13;59.93;141.38;87.05;112.48;6222
50;USED;274.13;134217728;0.74;1.27;6.54;TRUE;187.56;0.12;103.77;174.19;37.00;118.99;271.02;174.01;222.76;6222
50;NOT USED;19.75;2239815;1.32;6.53;39.37;TRUE;3.20;0.09;0.19;9.55;6.94;7.30;10.17;7.04;7.49;2613
50;NOT USED;25.69;4293938;1.03;9.22;35.91;TRUE;0.29;0.10;0.15;17.86;13.28;14.35;18.02;13.39;14.51;2613
50;NOT USED;40.26;8869498;0.91;1.39;3.52;TRUE;3.30;0.11;0.22;28.11;27.40;27.53;30.74;27.53;27.75;2613
50;NOT USED;61.33;15890720;0.82;1.08;2.59;TRUE;0.24;0.13;0.16;49.91;49.05;49.18;50.08;49.18;49.35;2613
50;NOT USED;110.77;32095088;0.76;0.90;1.89;TRUE;3.31;0.12;0.24;100.12;99.01;99.15;102.32;99.14;99.40;2613
50;NOT USED;218.21;67108864;0.73;0.79;1.19;TRUE;3.32;0.12;0.35;207.90;206.96;207.10;210.32;207.10;207.46;2613
50;NOT USED;429.09;134217728;0.72;0.83;3.17;TRUE;3.36;0.13;0.25;423.95;413.92;414.37;424.13;414.06;414.63;2613
50;NOT USED;18.75;2239815;1.32;4.67;42.10;TRUE;3.24;0.09;0.25;9.74;6.94;7.17;10.23;7.04;7.43;2613
50;NOT USED;24.97;4293938;1.04;8.44;38.91;TRUE;3.20;0.10;0.19;18.26;13.28;14.25;18.41;13.38;14.45;2613
50;NOT USED;38.80;8869498;0.89;1.18;2.64;TRUE;3.24;0.09;0.28;27.87;27.39;27.47;30.64;27.51;27.76;2613
50;NOT USED;60.29;15890720;0.79;1.05;2.93;TRUE;3.22;0.11;0.28;50.08;49.04;49.16;52.29;49.17;49.44;2613
50;NOT USED;110.63;32095088;0.76;0.98;2.61;TRUE;3.34;0.12;0.36;100.82;99.01;99.23;102.40;99.14;99.59;2613
50;NOT USED;218.34;67108864;0.73;0.80;1.13;TRUE;3.27;0.13;0.29;207.79;206.96;207.12;210.26;207.12;207.42;2613
50;NOT USED;425.55;134217728;0.73;0.79;2.91;TRUE;0.39;0.14;0.21;422.92;413.92;414.23;423.08;414.07;414.44;2613
50;USED;20.54;2239815;2.91;65.80;313.09;TRUE;12.32;0.08;2.93;5.58;0.80;2.86;16.16;0.90;5.79;6222
50;USED;24.19;4293938;1.86;52.03;280.30;TRUE;15.47;0.09;5.69;8.72;1.38;5.09;21.52;3.05;10.79;6222
50;USED;37.19;8869498;1.28;41.34;349.31;TRUE;24.83;0.09;9.90;14.38;5.48;9.92;32.70;11.64;19.82;6222
50;USED;45.91;15890720;1.08;10.44;71.92;TRUE;31.10;0.11;14.96;23.82;7.41;15.07;41.03;20.79;30.03;6222
50;USED;80.35;32095088;0.88;5.60;22.73;TRUE;55.65;0.11;26.82;43.67;10.54;29.34;76.24;41.75;56.17;6222
50;USED;144.77;67108864;0.81;1.97;6.73;TRUE;100.57;0.12;53.09;88.80;18.88;59.83;139.99;87.12;112.92;6222
50;USED;274.27;134217728;0.74;1.51;9.30;TRUE;186.69;0.13;103.61;174.06;36.97;119.18;268.58;174.04;222.80;6222
50;NOT USED;19.12;2239815;1.45;4.63;14.01;TRUE;3.45;0.09;0.25;7.81;6.95;7.17;10.46;7.05;7.42;2613
50;USED;21.86;2239815;2.95;81.74;377.10;TRUE;15.55;0.09;4.78;5.69;1.38;3.09;17.73;3.05;7.88;6222
50;NOT USED;428.92;134217728;0.73;0.86;3.64;TRUE;0.37;0.15;0.22;425.89;413.93;414.50;426.05;414.09;414.72;2613
50;USED;285.99;134217728;0.76;1.93;12.54;TRUE;188.28;0.16;104.95;175.84;37.26;119.58;282.42;174.06;224.54;6222
50;NOT USED;436.01;134217728;0.72;0.87;3.18;TRUE;3.50;0.18;0.34;424.02;413.91;414.53;424.21;414.11;414.88;2613
50;USED;278.45;134217728;0.75;1.72;11.13;TRUE;186.11;0.14;102.85;174.33;40.48;119.27;271.73;174.06;222.12;6222
50;NOT USED;110.82;32095088;0.77;1.06;1.95;TRUE;3.28;0.10;0.20;100.18;99.02;99.31;102.38;99.13;99.51;2613
50;USED;75.34;32095088;0.85;6.97;22.09;TRUE;52.47;0.09;26.33;41.72;10.63;29.51;72.43;41.70;55.85;6222
50;NOT USED;31.15;2239815;0.97;1.09;1.21;TRUE;0.16;0.11;0.14;16.28;16.24;16.26;16.44;16.35;16.40;1114
50;NOT USED;45.54;4293938;0.83;0.90;0.96;TRUE;0.17;0.11;0.14;31.13;31.09;31.11;31.30;31.21;31.25;1114
50;NOT USED;78.84;8869498;0.76;0.79;0.82;TRUE;0.16;0.12;0.14;64.22;64.18;64.20;64.38;64.30;64.34;1114
50;NOT USED;129.49;15890720;0.73;0.74;0.77;TRUE;0.16;0.11;0.14;114.99;114.95;114.97;115.16;115.07;115.11;1114
50;NOT USED;248.10;32095088;0.71;0.72;0.74;TRUE;0.18;0.11;0.13;232.19;232.13;232.15;232.35;232.25;232.29;1114
50;NOT USED;501.19;67108864;0.70;0.70;0.75;TRUE;0.18;0.11;0.14;485.55;485.34;485.36;485.70;485.46;485.50;1114
50;NOT USED;987.28;134217728;0.70;0.70;0.72;TRUE;0.17;0.11;0.14;970.83;970.63;970.66;970.98;970.75;970.80;1114
50;USED;27.26;2239815;1.32;6.54;55.41;TRUE;18.55;0.11;6.33;10.11;0.86;3.71;24.05;2.32;10.04;1795
50;USED;34.79;4293938;1.01;3.78;29.63;TRUE;24.75;0.11;10.12;19.33;1.37;7.00;29.67;7.32;17.13;1795
50;USED;54.92;8869498;0.85;2.19;14.61;TRUE;33.77;0.11;15.02;39.86;2.51;14.33;46.14;20.04;29.35;1795
50;USED;82.48;15890720;0.78;1.52;8.64;TRUE;46.37;0.11;25.20;71.37;4.27;25.56;78.36;35.77;50.76;1795
50;USED;160.35;32095088;0.75;1.10;4.59;TRUE;86.27;0.11;52.59;144.11;8.31;51.50;157.05;72.07;104.09;1795
50;USED;319.80;67108864;0.71;0.89;2.56;TRUE;162.68;0.11;103.99;301.24;17.04;107.55;311.59;150.51;211.55;1795
50;USED;635.45;134217728;0.70;0.79;1.63;TRUE;314.85;0.11;207.84;602.42;33.77;214.98;632.40;300.85;422.82;1795
50;USED;26.74;2239815;1.32;6.49;52.16;TRUE;21.64;0.11;6.02;10.11;0.84;3.71;23.36;2.76;9.73;1795
50;USED;33.82;4293938;1.02;3.76;29.63;TRUE;24.59;0.11;9.38;19.33;1.37;7.00;29.58;9.67;16.39;1795
50;USED;51.12;8869498;0.85;2.18;14.79;TRUE;30.89;0.11;15.39;39.86;2.52;14.32;43.02;14.95;29.72;1795
50;USED;83.50;15890720;0.78;1.51;8.38;TRUE;48.98;0.11;25.81;71.37;4.26;25.56;75.21;35.77;51.37;1795
50;USED;161.77;32095088;0.74;1.10;4.54;TRUE;80.25;0.11;50.99;144.10;8.30;51.50;157.41;72.07;102.50;1795
50;USED;327.84;67108864;0.71;0.89;2.56;TRUE;165.50;0.11;106.94;301.24;17.04;107.55;321.72;150.51;214.50;1795
50;USED;638.73;134217728;0.70;0.79;1.63;TRUE;314.12;0.11;207.23;602.42;33.77;214.97;634.60;300.85;422.21;1795
50;NOT USED;30.57;2239815;0.96;1.09;1.21;TRUE;0.17;0.11;0.14;16.28;16.24;16.26;16.45;16.35;16.40;1114
50;NOT USED;46.07;4293938;0.84;0.90;0.96;TRUE;0.17;0.11;0.14;31.13;31.09;31.11;31.30;31.21;31.25;1114
50;NOT USED;79.20;8869498;0.76;0.79;0.84;TRUE;0.17;0.11;0.14;64.23;64.18;64.20;64.39;64.29;64.34;1114
50;NOT USED;129.51;15890720;0.73;0.75;0.77;TRUE;0.16;0.12;0.14;114.99;114.95;114.97;115.16;115.07;115.11;1114
50;NOT USED;246.50;32095088;0.71;0.72;0.73;TRUE;0.17;0.11;0.14;232.17;232.13;232.15;232.35;232.25;232.29;1114
50;NOT USED;499.65;67108864;0.70;0.70;0.72;TRUE;0.15;0.11;0.14;485.42;485.34;485.36;485.56;485.45;485.50;1114
50;NOT USED;985.21;134217728;0.70;0.70;0.72;TRUE;0.16;0.12;0.14;970.88;970.63;970.66;971.04;970.75;970.80;1114
50;NOT USED;30.65;2239815;0.97;1.09;1.23;TRUE;0.17;0.11;0.14;16.28;16.24;16.26;16.44;16.35;16.40;1114
50;NOT USED;44.92;4293938;0.83;0.90;0.96;TRUE;0.17;0.11;0.14;31.13;31.09;31.11;31.30;31.21;31.25;1114
50;NOT USED;80.33;8869498;0.76;0.79;0.90;TRUE;0.16;0.11;0.14;64.26;64.18;64.20;64.43;64.30;64.34;1114
50;NOT USED;129.60;15890720;0.73;0.75;0.95;TRUE;0.15;0.11;0.14;115.21;114.95;114.98;115.37;115.07;115.12;1114
50;NOT USED;246.87;32095088;0.71;0.72;0.82;TRUE;0.16;0.11;0.13;232.39;232.13;232.16;232.54;232.25;232.30;1114
50;NOT USED;500.58;67108864;0.70;0.70;0.72;TRUE;0.16;0.11;0.13;485.42;485.34;485.36;485.55;485.45;485.50;1114
50;NOT USED;985.16;134217728;0.70;0.70;0.72;TRUE;0.17;0.11;0.14;970.84;970.63;970.66;970.99;970.75;970.80;1114
50;USED;27.07;2239815;1.32;6.43;52.16;TRUE;18.64;0.11;6.88;10.11;0.84;3.71;24.12;2.34;10.59;1795
50;USED;35.16;4293938;1.02;3.75;29.25;TRUE;21.59;0.11;8.40;19.33;1.37;7.00;28.34;6.40;15.41;1795
50;USED;59.83;8869498;0.85;2.19;14.79;TRUE;33.82;0.11;16.56;39.86;2.52;14.33;55.26;20.04;30.89;1795
50;USED;89.32;15890720;0.78;1.53;8.66;TRUE;49.37;0.11;27.77;71.37;4.27;25.56;84.66;35.77;53.34;1795
50;USED;160.55;32095088;0.74;1.11;4.58;TRUE;82.93;0.11;50.38;144.10;8.31;51.50;157.49;72.07;101.89;1795
50;USED;329.76;67108864;0.71;0.89;2.53;TRUE;163.29;0.11;104.37;301.24;17.03;107.55;324.80;150.51;211.92;1795
50;USED;632.95;134217728;0.71;0.79;1.62;TRUE;314.65;0.11;207.84;602.61;33.77;214.98;627.74;300.85;422.82;1795
50;USED;27.40;2239815;1.32;6.42;52.52;TRUE;18.62;0.11;6.39;10.11;0.84;3.71;24.13;0.99;10.10;1795
50;USED;36.85;4293938;1.02;3.78;29.25;TRUE;21.62;0.11;9.69;19.33;1.37;7.00;32.07;6.25;16.70;1795
50;USED;52.91;8869498;0.85;2.16;14.48;TRUE;30.91;0.11;14.96;39.86;2.51;14.32;46.04;20.04;29.29;1795
50;USED;86.19;15890720;0.78;1.53;8.61;TRUE;48.86;0.11;26.42;71.37;4.27;25.56;81.34;35.77;51.99;1795
50;USED;156.91;32095088;0.74;1.11;4.60;TRUE;80.07;0.11;49.83;144.10;8.31;51.50;145.18;72.07;101.33;1795
50;USED;330.82;67108864;0.71;0.89;2.58;TRUE;165.88;0.11;105.78;301.24;17.04;107.55;327.37;150.51;213.33;1795
50;USED;630.28;134217728;0.70;0.79;1.63;TRUE;317.06;0.11;206.57;602.42;33.77;214.97;626.86;300.85;421.55;1795
50;NOT USED;30.49;2239815;0.97;1.10;1.66;TRUE;0.16;0.12;0.14;16.35;16.24;16.26;16.48;16.36;16.40;1114
50;NOT USED;45.77;4293938;0.84;0.90;0.96;TRUE;0.16;0.11;0.14;31.13;31.09;31.11;31.29;31.21;31.25;1114
50;NOT USED;79.52;8869498;0.76;0.79;0.82;TRUE;0.15;0.11;0.13;64.22;64.18;64.20;64.37;64.30;64.34;1114
50;NOT USED;129.30;15890720;0.73;0.75;0.90;TRUE;0.17;0.11;0.14;115.14;114.95;114.98;115.29;115.07;115.12;1114
50;NOT USED;246.51;32095088;0.71;0.72;0.73;TRUE;0.18;0.11;0.14;232.17;232.13;232.15;232.35;232.25;232.30;1114
50;NOT USED;500.57;67108864;0.70;0.70;0.75;TRUE;0.16;0.11;0.14;485.57;485.34;485.36;485.73;485.46;485.50;1114
50;NOT USED;985.01;134217728;0.70;0.70;0.73;TRUE;0.17;0.11;0.14;970.96;970.63;970.67;971.12;970.75;970.81;1114
50;USED;27.24;2239815;1.31;6.63;56.49;TRUE;18.59;0.11;6.82;10.11;0.86;3.71;24.11;1.93;10.53;1795
50;USED;37.50;4293938;1.02;3.81;29.53;TRUE;24.66;0.11;10.00;19.33;1.37;7.00;31.92;6.49;17.01;1795
50;USED;59.89;8869498;0.85;2.19;14.52;TRUE;34.00;0.11;17.78;39.86;2.51;14.33;55.46;20.04;32.11;1795
50;USED;91.72;15890720;0.78;1.52;8.54;TRUE;49.25;0.11;27.46;71.37;4.27;25.56;87.58;35.77;53.03;1795
50;USED;158.28;32095088;0.74;1.11;4.59;TRUE;85.93;0.12;51.73;144.10;8.31;51.50;154.41;72.08;103.24;1795
50;USED;329.62;67108864;0.71;0.89;2.56;TRUE;163.16;0.11;104.55;301.24;17.04;107.55;324.67;150.51;212.10;1795
50;USED;635.16;134217728;0.70;0.79;1.63;TRUE;312.62;0.11;207.90;602.42;33.77;214.97;631.61;300.85;422.88;1795
50;NOT USED;30.15;2239815;0.97;1.09;1.21;TRUE;0.16;0.12;0.14;16.28;16.24;16.26;16.44;16.36;16.40;1114
50;NOT USED;45.41;4293938;0.83;0.89;0.96;TRUE;0.16;0.11;0.14;31.13;31.09;31.11;31.29;31.21;31.25;1114
50;NOT USED;78.56;8869498;0.76;0.79;0.82;TRUE;0.16;0.11;0.14;64.22;64.18;64.20;64.38;64.29;64.34;1114
50;NOT USED;129.40;15890720;0.73;0.74;0.77;TRUE;0.16;0.11;0.13;114.99;114.95;114.97;115.15;115.07;115.11;1114
50;NOT USED;246.82;32095088;0.71;0.72;0.73;TRUE;0.16;0.11;0.13;232.17;232.13;232.15;232.33;232.25;232.29;1114
50;NOT USED;499.59;67108864;0.70;0.72;1.43;TRUE;0.16;0.11;0.14;488.83;485.34;485.43;488.96;485.45;485.57;1114
50;NOT USED;984.93;134217728;0.70;0.70;0.73;TRUE;0.15;0.11;0.14;970.92;970.63;970.66;971.07;970.75;970.80;1114
50;USED;28.62;2239815;1.31;6.55;51.98;TRUE;18.62;0.11;8.34;10.11;0.84;3.71;24.13;1.79;12.06;1795
50;USED;32.28;4293938;1.02;3.77;29.53;TRUE;24.63;0.11;8.96;19.33;1.37;7.00;28.67;9.44;15.96;1795
50;USED;56.58;8869498;0.85;2.17;14.79;TRUE;33.89;0.11;15.94;39.86;2.52;14.32;52.20;20.04;30.27;1795
50;USED;88.71;15890720;0.78;1.53;8.08;TRUE;49.16;0.11;27.27;71.37;4.25;25.56;84.51;35.77;52.84;1795
50;USED;166.74;32095088;0.74;1.11;4.55;TRUE;86.28;0.11;51.30;144.10;8.30;51.50;163.10;72.07;102.81;1795
50;USED;330.78;67108864;0.71;0.89;2.55;TRUE;165.11;0.11;106.88;301.24;17.04;107.55;326.57;150.51;214.43;1795
50;USED;631.13;134217728;0.70;0.79;1.63;TRUE;312.06;0.11;206.25;602.42;33.77;214.97;627.49;300.85;421.22;1795
50;NOT USED;31.19;2239815;0.97;1.09;1.21;TRUE;0.17;0.11;0.14;16.28;16.24;16.26;16.44;16.35;16.40;1114
50;NOT USED;45.49;4293938;0.83;0.90;0.96;TRUE;0.16;0.11;0.13;31.13;31.09;31.11;31.29;31.21;31.25;1114
50;NOT USED;78.32;8869498;0.76;0.79;0.82;TRUE;0.16;0.11;0.14;64.22;64.18;64.20;64.38;64.30;64.34;1114
50;NOT USED;129.30;15890720;0.73;0.74;0.77;TRUE;0.16;0.12;0.14;114.99;114.95;114.97;115.15;115.07;115.11;1114
50;NOT USED;246.29;32095088;0.71;0.72;0.73;TRUE;0.16;0.11;0.13;232.17;232.13;232.15;232.34;232.25;232.29;1114
50;NOT USED;499.74;67108864;0.70;0.70;0.72;TRUE;0.16;0.11;0.14;485.42;485.34;485.36;485.57;485.46;485.50;1114
50;NOT USED;985.16;134217728;0.70;0.70;0.72;TRUE;0.16;0.11;0.13;970.84;970.63;970.67;970.99;970.75;970.81;1114
50;USED;28.45;2239815;1.42;6.51;55.23;TRUE;18.61;0.11;7.30;10.12;0.86;3.71;24.05;2.45;11.02;1795
50;USED;33.47;4293938;1.01;3.76;29.63;TRUE;21.58;0.11;8.47;19.33;1.37;7.00;26.58;7.31;15.47;1795
50;USED;53.61;8869498;0.85;2.17;14.79;TRUE;33.71;0.11;15.94;39.86;2.52;14.32;46.21;20.05;30.27;1795
50;USED;82.51;15890720;0.78;1.52;8.05;TRUE;48.89;0.11;25.13;71.37;4.25;25.57;78.43;35.77;50.70;1795
50;USED;156.66;32095088;0.74;1.09;4.27;TRUE;85.59;0.11;50.50;144.10;8.28;51.50;153.93;72.08;102.00;1795
50;USED;321.54;67108864;0.71;0.89;2.56;TRUE;166.02;0.11;105.16;301.24;17.04;107.55;317.84;150.51;212.71;1795
50;USED;638.70;134217728;0.70;0.79;1.63;TRUE;313.90;0.11;206.74;602.42;33.77;214.98;632.99;300.86;421.72;1795
50;NOT USED;30.42;2239815;0.97;1.09;1.36;TRUE;0.16;0.11;0.14;16.30;16.24;16.26;16.46;16.36;16.40;1114
50;NOT USED;45.49;4293938;0.83;0.90;0.96;TRUE;0.16;0.11;0.14;31.13;31.09;31.11;31.30;31.21;31.25;1114
50;NOT USED;78.66;8869498;0.76;0.79;0.84;TRUE;0.16;0.11;0.13;64.23;64.18;64.20;64.39;64.30;64.34;1114
50;NOT USED;129.36;15890720;0.73;0.74;0.77;TRUE;0.16;0.12;0.13;114.99;114.95;114.97;115.15;115.07;115.11;1114
50;NOT USED;247.26;32095088;0.71;0.72;0.74;TRUE;0.16;0.11;0.14;232.21;232.13;232.16;232.34;232.25;232.30;1114
50;NOT USED;500.29;67108864;0.70;0.70;0.72;TRUE;0.16;0.11;0.13;485.40;485.34;485.36;485.54;485.46;485.50;1114
50;NOT USED;984.64;134217728;0.70;0.70;0.73;TRUE;0.16;0.11;0.14;970.91;970.63;970.66;971.07;970.75;970.80;1114